name,title,level,facing,categories,description,detail,remediation,metadata,cache_key
auth_rls_initplan,Auth RLS Initialization Plan,WARN,EXTERNAL,"[""PERFORMANCE""]",Detects if calls to \`current_setting()\` and \`auth.<function>()\` in RLS policies are being unnecessarily re-evaluated for each row,Table \`public.user_goal_companies\` has a row level security policy \`Users can manage own goal companies\` that re-evaluates current_setting() or auth.<function>() for each row. This produces suboptimal query performance at scale. Resolve the issue by replacing \`auth.<function>()\` with \`(select auth.<function>())\`. See [docs](https://supabase.com/docs/guides/database/postgres/row-level-security#call-functions-with-select) for more info.,https://supabase.com/docs/guides/database/database-linter?lint=0003_auth_rls_initplan,"{""name"":""user_goal_companies"",""type"":""table"",""schema"":""public""}",auth_rls_init_plan_public_user_goal_companies_Users can manage own goal companies
auth_rls_initplan,Auth RLS Initialization Plan,WARN,EXTERNAL,"[""PERFORMANCE""]",Detects if calls to \`current_setting()\` and \`auth.<function>()\` in RLS policies are being unnecessarily re-evaluated for each row,Table \`public.paper_likes\` has a row level security policy \`Users can delete their own paper likes\` that re-evaluates current_setting() or auth.<function>() for each row. This produces suboptimal query performance at scale. Resolve the issue by replacing \`auth.<function>()\` with \`(select auth.<function>())\`. See [docs](https://supabase.com/docs/guides/database/postgres/row-level-security#call-functions-with-select) for more info.,https://supabase.com/docs/guides/database/database-linter?lint=0003_auth_rls_initplan,"{""name"":""paper_likes"",""type"":""table"",""schema"":""public""}",auth_rls_init_plan_public_paper_likes_Users can delete their own paper likes
auth_rls_initplan,Auth RLS Initialization Plan,WARN,EXTERNAL,"[""PERFORMANCE""]",Detects if calls to \`current_setting()\` and \`auth.<function>()\` in RLS policies are being unnecessarily re-evaluated for each row,Table \`public.paper_saves\` has a row level security policy \`Users can delete their own paper saves\` that re-evaluates current_setting() or auth.<function>() for each row. This produces suboptimal query performance at scale. Resolve the issue by replacing \`auth.<function>()\` with \`(select auth.<function>())\`. See [docs](https://supabase.com/docs/guides/database/postgres/row-level-security#call-functions-with-select) for more info.,https://supabase.com/docs/guides/database/database-linter?lint=0003_auth_rls_initplan,"{""name"":""paper_saves"",""type"":""table"",""schema"":""public""}",auth_rls_init_plan_public_paper_saves_Users can delete their own paper saves
auth_rls_initplan,Auth RLS Initialization Plan,WARN,EXTERNAL,"[""PERFORMANCE""]",Detects if calls to \`current_setting()\` and \`auth.<function>()\` in RLS policies are being unnecessarily re-evaluated for each row,Table \`public.paper_saves\` has a row level security policy \`Users can insert their own paper saves\` that re-evaluates current_setting() or auth.<function>() for each row. This produces suboptimal query performance at scale. Resolve the issue by replacing \`auth.<function>()\` with \`(select auth.<function>())\`. See [docs](https://supabase.com/docs/guides/database/postgres/row-level-security#call-functions-with-select) for more info.,https://supabase.com/docs/guides/database/database-linter?lint=0003_auth_rls_initplan,"{""name"":""paper_saves"",""type"":""table"",""schema"":""public""}",auth_rls_init_plan_public_paper_saves_Users can insert their own paper saves
auth_rls_initplan,Auth RLS Initialization Plan,WARN,EXTERNAL,"[""PERFORMANCE""]",Detects if calls to \`current_setting()\` and \`auth.<function>()\` in RLS policies are being unnecessarily re-evaluated for each row,Table \`public.paper_saves\` has a row level security policy \`Users can view their own paper saves\` that re-evaluates current_setting() or auth.<function>() for each row. This produces suboptimal query performance at scale. Resolve the issue by replacing \`auth.<function>()\` with \`(select auth.<function>())\`. See [docs](https://supabase.com/docs/guides/database/postgres/row-level-security#call-functions-with-select) for more info.,https://supabase.com/docs/guides/database/database-linter?lint=0003_auth_rls_initplan,"{""name"":""paper_saves"",""type"":""table"",""schema"":""public""}",auth_rls_init_plan_public_paper_saves_Users can view their own paper saves
auth_rls_initplan,Auth RLS Initialization Plan,WARN,EXTERNAL,"[""PERFORMANCE""]",Detects if calls to \`current_setting()\` and \`auth.<function>()\` in RLS policies are being unnecessarily re-evaluated for each row,Table \`public.paper_views\` has a row level security policy \`Users can insert their own paper views\` that re-evaluates current_setting() or auth.<function>() for each row. This produces suboptimal query performance at scale. Resolve the issue by replacing \`auth.<function>()\` with \`(select auth.<function>())\`. See [docs](https://supabase.com/docs/guides/database/postgres/row-level-security#call-functions-with-select) for more info.,https://supabase.com/docs/guides/database/database-linter?lint=0003_auth_rls_initplan,"{""name"":""paper_views"",""type"":""table"",""schema"":""public""}",auth_rls_init_plan_public_paper_views_Users can insert their own paper views
auth_rls_initplan,Auth RLS Initialization Plan,WARN,EXTERNAL,"[""PERFORMANCE""]",Detects if calls to \`current_setting()\` and \`auth.<function>()\` in RLS policies are being unnecessarily re-evaluated for each row,Table \`public.paper_views\` has a row level security policy \`Users can view their own paper views\` that re-evaluates current_setting() or auth.<function>() for each row. This produces suboptimal query performance at scale. Resolve the issue by replacing \`auth.<function>()\` with \`(select auth.<function>())\`. See [docs](https://supabase.com/docs/guides/database/postgres/row-level-security#call-functions-with-select) for more info.,https://supabase.com/docs/guides/database/database-linter?lint=0003_auth_rls_initplan,"{""name"":""paper_views"",""type"":""table"",""schema"":""public""}",auth_rls_init_plan_public_paper_views_Users can view their own paper views
auth_rls_initplan,Auth RLS Initialization Plan,WARN,EXTERNAL,"[""PERFORMANCE""]",Detects if calls to \`current_setting()\` and \`auth.<function>()\` in RLS policies are being unnecessarily re-evaluated for each row,Table \`public.paper_comments\` has a row level security policy \`Users can delete own paper comments\` that re-evaluates current_setting() or auth.<function>() for each row. This produces suboptimal query performance at scale. Resolve the issue by replacing \`auth.<function>()\` with \`(select auth.<function>())\`. See [docs](https://supabase.com/docs/guides/database/postgres/row-level-security#call-functions-with-select) for more info.,https://supabase.com/docs/guides/database/database-linter?lint=0003_auth_rls_initplan,"{""name"":""paper_comments"",""type"":""table"",""schema"":""public""}",auth_rls_init_plan_public_paper_comments_Users can delete own paper comments
auth_rls_initplan,Auth RLS Initialization Plan,WARN,EXTERNAL,"[""PERFORMANCE""]",Detects if calls to \`current_setting()\` and \`auth.<function>()\` in RLS policies are being unnecessarily re-evaluated for each row,Table \`public.paper_comments\` has a row level security policy \`Users can delete their own paper comments\` that re-evaluates current_setting() or auth.<function>() for each row. This produces suboptimal query performance at scale. Resolve the issue by replacing \`auth.<function>()\` with \`(select auth.<function>())\`. See [docs](https://supabase.com/docs/guides/database/postgres/row-level-security#call-functions-with-select) for more info.,https://supabase.com/docs/guides/database/database-linter?lint=0003_auth_rls_initplan,"{""name"":""paper_comments"",""type"":""table"",""schema"":""public""}",auth_rls_init_plan_public_paper_comments_Users can delete their own paper comments
auth_rls_initplan,Auth RLS Initialization Plan,WARN,EXTERNAL,"[""PERFORMANCE""]",Detects if calls to \`current_setting()\` and \`auth.<function>()\` in RLS policies are being unnecessarily re-evaluated for each row,Table \`public.paper_comments\` has a row level security policy \`Users can insert their own paper comments\` that re-evaluates current_setting() or auth.<function>() for each row. This produces suboptimal query performance at scale. Resolve the issue by replacing \`auth.<function>()\` with \`(select auth.<function>())\`. See [docs](https://supabase.com/docs/guides/database/postgres/row-level-security#call-functions-with-select) for more info.,https://supabase.com/docs/guides/database/database-linter?lint=0003_auth_rls_initplan,"{""name"":""paper_comments"",""type"":""table"",""schema"":""public""}",auth_rls_init_plan_public_paper_comments_Users can insert their own paper comments
auth_rls_initplan,Auth RLS Initialization Plan,WARN,EXTERNAL,"[""PERFORMANCE""]",Detects if calls to \`current_setting()\` and \`auth.<function>()\` in RLS policies are being unnecessarily re-evaluated for each row,Table \`public.paper_comments\` has a row level security policy \`Users can update own paper comments\` that re-evaluates current_setting() or auth.<function>() for each row. This produces suboptimal query performance at scale. Resolve the issue by replacing \`auth.<function>()\` with \`(select auth.<function>())\`. See [docs](https://supabase.com/docs/guides/database/postgres/row-level-security#call-functions-with-select) for more info.,https://supabase.com/docs/guides/database/database-linter?lint=0003_auth_rls_initplan,"{""name"":""paper_comments"",""type"":""table"",""schema"":""public""}",auth_rls_init_plan_public_paper_comments_Users can update own paper comments
auth_rls_initplan,Auth RLS Initialization Plan,WARN,EXTERNAL,"[""PERFORMANCE""]",Detects if calls to \`current_setting()\` and \`auth.<function>()\` in RLS policies are being unnecessarily re-evaluated for each row,Table \`public.book_likes\` has a row level security policy \`Users can delete their own book likes\` that re-evaluates current_setting() or auth.<function>() for each row. This produces suboptimal query performance at scale. Resolve the issue by replacing \`auth.<function>()\` with \`(select auth.<function>())\`. See [docs](https://supabase.com/docs/guides/database/postgres/row-level-security#call-functions-with-select) for more info.,https://supabase.com/docs/guides/database/database-linter?lint=0003_auth_rls_initplan,"{""name"":""book_likes"",""type"":""table"",""schema"":""public""}",auth_rls_init_plan_public_book_likes_Users can delete their own book likes
auth_rls_initplan,Auth RLS Initialization Plan,WARN,EXTERNAL,"[""PERFORMANCE""]",Detects if calls to \`current_setting()\` and \`auth.<function>()\` in RLS policies are being unnecessarily re-evaluated for each row,Table \`public.book_likes\` has a row level security policy \`Users can insert their own book likes\` that re-evaluates current_setting() or auth.<function>() for each row. This produces suboptimal query performance at scale. Resolve the issue by replacing \`auth.<function>()\` with \`(select auth.<function>())\`. See [docs](https://supabase.com/docs/guides/database/postgres/row-level-security#call-functions-with-select) for more info.,https://supabase.com/docs/guides/database/database-linter?lint=0003_auth_rls_initplan,"{""name"":""book_likes"",""type"":""table"",""schema"":""public""}",auth_rls_init_plan_public_book_likes_Users can insert their own book likes
auth_rls_initplan,Auth RLS Initialization Plan,WARN,EXTERNAL,"[""PERFORMANCE""]",Detects if calls to \`current_setting()\` and \`auth.<function>()\` in RLS policies are being unnecessarily re-evaluated for each row,Table \`public.book_likes\` has a row level security policy \`Users can view their own book likes\` that re-evaluates current_setting() or auth.<function>() for each row. This produces suboptimal query performance at scale. Resolve the issue by replacing \`auth.<function>()\` with \`(select auth.<function>())\`. See [docs](https://supabase.com/docs/guides/database/postgres/row-level-security#call-functions-with-select) for more info.,https://supabase.com/docs/guides/database/database-linter?lint=0003_auth_rls_initplan,"{""name"":""book_likes"",""type"":""table"",""schema"":""public""}",auth_rls_init_plan_public_book_likes_Users can view their own book likes
auth_rls_initplan,Auth RLS Initialization Plan,WARN,EXTERNAL,"[""PERFORMANCE""]",Detects if calls to \`current_setting()\` and \`auth.<function>()\` in RLS policies are being unnecessarily re-evaluated for each row,Table \`public.book_saves\` has a row level security policy \`Users can delete their own book saves\` that re-evaluates current_setting() or auth.<function>() for each row. This produces suboptimal query performance at scale. Resolve the issue by replacing \`auth.<function>()\` with \`(select auth.<function>())\`. See [docs](https://supabase.com/docs/guides/database/postgres/row-level-security#call-functions-with-select) for more info.,https://supabase.com/docs/guides/database/database-linter?lint=0003_auth_rls_initplan,"{""name"":""book_saves"",""type"":""table"",""schema"":""public""}",auth_rls_init_plan_public_book_saves_Users can delete their own book saves
auth_rls_initplan,Auth RLS Initialization Plan,WARN,EXTERNAL,"[""PERFORMANCE""]",Detects if calls to \`current_setting()\` and \`auth.<function>()\` in RLS policies are being unnecessarily re-evaluated for each row,Table \`public.book_saves\` has a row level security policy \`Users can insert their own book saves\` that re-evaluates current_setting() or auth.<function>() for each row. This produces suboptimal query performance at scale. Resolve the issue by replacing \`auth.<function>()\` with \`(select auth.<function>())\`. See [docs](https://supabase.com/docs/guides/database/postgres/row-level-security#call-functions-with-select) for more info.,https://supabase.com/docs/guides/database/database-linter?lint=0003_auth_rls_initplan,"{""name"":""book_saves"",""type"":""table"",""schema"":""public""}",auth_rls_init_plan_public_book_saves_Users can insert their own book saves
auth_rls_initplan,Auth RLS Initialization Plan,WARN,EXTERNAL,"[""PERFORMANCE""]",Detects if calls to \`current_setting()\` and \`auth.<function>()\` in RLS policies are being unnecessarily re-evaluated for each row,Table \`public.book_saves\` has a row level security policy \`Users can view their own book saves\` that re-evaluates current_setting() or auth.<function>() for each row. This produces suboptimal query performance at scale. Resolve the issue by replacing \`auth.<function>()\` with \`(select auth.<function>())\`. See [docs](https://supabase.com/docs/guides/database/postgres/row-level-security#call-functions-with-select) for more info.,https://supabase.com/docs/guides/database/database-linter?lint=0003_auth_rls_initplan,"{""name"":""book_saves"",""type"":""table"",""schema"":""public""}",auth_rls_init_plan_public_book_saves_Users can view their own book saves
auth_rls_initplan,Auth RLS Initialization Plan,WARN,EXTERNAL,"[""PERFORMANCE""]",Detects if calls to \`current_setting()\` and \`auth.<function>()\` in RLS policies are being unnecessarily re-evaluated for each row,Table \`public.book_views\` has a row level security policy \`Users can insert their own book views\` that re-evaluates current_setting() or auth.<function>() for each row. This produces suboptimal query performance at scale. Resolve the issue by replacing \`auth.<function>()\` with \`(select auth.<function>())\`. See [docs](https://supabase.com/docs/guides/database/postgres/row-level-security#call-functions-with-select) for more info.,https://supabase.com/docs/guides/database/database-linter?lint=0003_auth_rls_initplan,"{""name"":""book_views"",""type"":""table"",""schema"":""public""}",auth_rls_init_plan_public_book_views_Users can insert their own book views
auth_rls_initplan,Auth RLS Initialization Plan,WARN,EXTERNAL,"[""PERFORMANCE""]",Detects if calls to \`current_setting()\` and \`auth.<function>()\` in RLS policies are being unnecessarily re-evaluated for each row,Table \`public.book_views\` has a row level security policy \`Users can view their own book views\` that re-evaluates current_setting() or auth.<function>() for each row. This produces suboptimal query performance at scale. Resolve the issue by replacing \`auth.<function>()\` with \`(select auth.<function>())\`. See [docs](https://supabase.com/docs/guides/database/postgres/row-level-security#call-functions-with-select) for more info.,https://supabase.com/docs/guides/database/database-linter?lint=0003_auth_rls_initplan,"{""name"":""book_views"",""type"":""table"",""schema"":""public""}",auth_rls_init_plan_public_book_views_Users can view their own book views
auth_rls_initplan,Auth RLS Initialization Plan,WARN,EXTERNAL,"[""PERFORMANCE""]",Detects if calls to \`current_setting()\` and \`auth.<function>()\` in RLS policies are being unnecessarily re-evaluated for each row,Table \`public.book_comments\` has a row level security policy \`Users can delete own book comments\` that re-evaluates current_setting() or auth.<function>() for each row. This produces suboptimal query performance at scale. Resolve the issue by replacing \`auth.<function>()\` with \`(select auth.<function>())\`. See [docs](https://supabase.com/docs/guides/database/postgres/row-level-security#call-functions-with-select) for more info.,https://supabase.com/docs/guides/database/database-linter?lint=0003_auth_rls_initplan,"{""name"":""book_comments"",""type"":""table"",""schema"":""public""}",auth_rls_init_plan_public_book_comments_Users can delete own book comments
auth_rls_initplan,Auth RLS Initialization Plan,WARN,EXTERNAL,"[""PERFORMANCE""]",Detects if calls to \`current_setting()\` and \`auth.<function>()\` in RLS policies are being unnecessarily re-evaluated for each row,Table \`public.book_comments\` has a row level security policy \`Users can delete their own book comments\` that re-evaluates current_setting() or auth.<function>() for each row. This produces suboptimal query performance at scale. Resolve the issue by replacing \`auth.<function>()\` with \`(select auth.<function>())\`. See [docs](https://supabase.com/docs/guides/database/postgres/row-level-security#call-functions-with-select) for more info.,https://supabase.com/docs/guides/database/database-linter?lint=0003_auth_rls_initplan,"{""name"":""book_comments"",""type"":""table"",""schema"":""public""}",auth_rls_init_plan_public_book_comments_Users can delete their own book comments
auth_rls_initplan,Auth RLS Initialization Plan,WARN,EXTERNAL,"[""PERFORMANCE""]",Detects if calls to \`current_setting()\` and \`auth.<function>()\` in RLS policies are being unnecessarily re-evaluated for each row,Table \`public.book_comments\` has a row level security policy \`Users can insert their own book comments\` that re-evaluates current_setting() or auth.<function>() for each row. This produces suboptimal query performance at scale. Resolve the issue by replacing \`auth.<function>()\` with \`(select auth.<function>())\`. See [docs](https://supabase.com/docs/guides/database/postgres/row-level-security#call-functions-with-select) for more info.,https://supabase.com/docs/guides/database/database-linter?lint=0003_auth_rls_initplan,"{""name"":""book_comments"",""type"":""table"",""schema"":""public""}",auth_rls_init_plan_public_book_comments_Users can insert their own book comments
auth_rls_initplan,Auth RLS Initialization Plan,WARN,EXTERNAL,"[""PERFORMANCE""]",Detects if calls to \`current_setting()\` and \`auth.<function>()\` in RLS policies are being unnecessarily re-evaluated for each row,Table \`public.book_comments\` has a row level security policy \`Users can update own book comments\` that re-evaluates current_setting() or auth.<function>() for each row. This produces suboptimal query performance at scale. Resolve the issue by replacing \`auth.<function>()\` with \`(select auth.<function>())\`. See [docs](https://supabase.com/docs/guides/database/postgres/row-level-security#call-functions-with-select) for more info.,https://supabase.com/docs/guides/database/database-linter?lint=0003_auth_rls_initplan,"{""name"":""book_comments"",""type"":""table"",""schema"":""public""}",auth_rls_init_plan_public_book_comments_Users can update own book comments
auth_rls_initplan,Auth RLS Initialization Plan,WARN,EXTERNAL,"[""PERFORMANCE""]",Detects if calls to \`current_setting()\` and \`auth.<function>()\` in RLS policies are being unnecessarily re-evaluated for each row,Table \`public.insight_likes\` has a row level security policy \`insight_likes_delete_own\` that re-evaluates current_setting() or auth.<function>() for each row. This produces suboptimal query performance at scale. Resolve the issue by replacing \`auth.<function>()\` with \`(select auth.<function>())\`. See [docs](https://supabase.com/docs/guides/database/postgres/row-level-security#call-functions-with-select) for more info.,https://supabase.com/docs/guides/database/database-linter?lint=0003_auth_rls_initplan,"{""name"":""insight_likes"",""type"":""table"",""schema"":""public""}",auth_rls_init_plan_public_insight_likes_insight_likes_delete_own
auth_rls_initplan,Auth RLS Initialization Plan,WARN,EXTERNAL,"[""PERFORMANCE""]",Detects if calls to \`current_setting()\` and \`auth.<function>()\` in RLS policies are being unnecessarily re-evaluated for each row,Table \`public.insight_likes\` has a row level security policy \`insight_likes_owner_all\` that re-evaluates current_setting() or auth.<function>() for each row. This produces suboptimal query performance at scale. Resolve the issue by replacing \`auth.<function>()\` with \`(select auth.<function>())\`. See [docs](https://supabase.com/docs/guides/database/postgres/row-level-security#call-functions-with-select) for more info.,https://supabase.com/docs/guides/database/database-linter?lint=0003_auth_rls_initplan,"{""name"":""insight_likes"",""type"":""table"",""schema"":""public""}",auth_rls_init_plan_public_insight_likes_insight_likes_owner_all
auth_rls_initplan,Auth RLS Initialization Plan,WARN,EXTERNAL,"[""PERFORMANCE""]",Detects if calls to \`current_setting()\` and \`auth.<function>()\` in RLS policies are being unnecessarily re-evaluated for each row,Table \`public.insight_saves\` has a row level security policy \`insight_saves_delete_own\` that re-evaluates current_setting() or auth.<function>() for each row. This produces suboptimal query performance at scale. Resolve the issue by replacing \`auth.<function>()\` with \`(select auth.<function>())\`. See [docs](https://supabase.com/docs/guides/database/postgres/row-level-security#call-functions-with-select) for more info.,https://supabase.com/docs/guides/database/database-linter?lint=0003_auth_rls_initplan,"{""name"":""insight_saves"",""type"":""table"",""schema"":""public""}",auth_rls_init_plan_public_insight_saves_insight_saves_delete_own
auth_rls_initplan,Auth RLS Initialization Plan,WARN,EXTERNAL,"[""PERFORMANCE""]",Detects if calls to \`current_setting()\` and \`auth.<function>()\` in RLS policies are being unnecessarily re-evaluated for each row,Table \`public.insight_saves\` has a row level security policy \`insight_saves_insert_own\` that re-evaluates current_setting() or auth.<function>() for each row. This produces suboptimal query performance at scale. Resolve the issue by replacing \`auth.<function>()\` with \`(select auth.<function>())\`. See [docs](https://supabase.com/docs/guides/database/postgres/row-level-security#call-functions-with-select) for more info.,https://supabase.com/docs/guides/database/database-linter?lint=0003_auth_rls_initplan,"{""name"":""insight_saves"",""type"":""table"",""schema"":""public""}",auth_rls_init_plan_public_insight_saves_insight_saves_insert_own
auth_rls_initplan,Auth RLS Initialization Plan,WARN,EXTERNAL,"[""PERFORMANCE""]",Detects if calls to \`current_setting()\` and \`auth.<function>()\` in RLS policies are being unnecessarily re-evaluated for each row,Table \`public.insight_saves\` has a row level security policy \`insight_saves_owner_all\` that re-evaluates current_setting() or auth.<function>() for each row. This produces suboptimal query performance at scale. Resolve the issue by replacing \`auth.<function>()\` with \`(select auth.<function>())\`. See [docs](https://supabase.com/docs/guides/database/postgres/row-level-security#call-functions-with-select) for more info.,https://supabase.com/docs/guides/database/database-linter?lint=0003_auth_rls_initplan,"{""name"":""insight_saves"",""type"":""table"",""schema"":""public""}",auth_rls_init_plan_public_insight_saves_insight_saves_owner_all
auth_rls_initplan,Auth RLS Initialization Plan,WARN,EXTERNAL,"[""PERFORMANCE""]",Detects if calls to \`current_setting()\` and \`auth.<function>()\` in RLS policies are being unnecessarily re-evaluated for each row,Table \`public.insight_comments\` has a row level security policy \`Users can delete own insight comments\` that re-evaluates current_setting() or auth.<function>() for each row. This produces suboptimal query performance at scale. Resolve the issue by replacing \`auth.<function>()\` with \`(select auth.<function>())\`. See [docs](https://supabase.com/docs/guides/database/postgres/row-level-security#call-functions-with-select) for more info.,https://supabase.com/docs/guides/database/database-linter?lint=0003_auth_rls_initplan,"{""name"":""insight_comments"",""type"":""table"",""schema"":""public""}",auth_rls_init_plan_public_insight_comments_Users can delete own insight comments
auth_rls_initplan,Auth RLS Initialization Plan,WARN,EXTERNAL,"[""PERFORMANCE""]",Detects if calls to \`current_setting()\` and \`auth.<function>()\` in RLS policies are being unnecessarily re-evaluated for each row,Table \`public.insight_comments\` has a row level security policy \`Users can update own insight comments\` that re-evaluates current_setting() or auth.<function>() for each row. This produces suboptimal query performance at scale. Resolve the issue by replacing \`auth.<function>()\` with \`(select auth.<function>())\`. See [docs](https://supabase.com/docs/guides/database/postgres/row-level-security#call-functions-with-select) for more info.,https://supabase.com/docs/guides/database/database-linter?lint=0003_auth_rls_initplan,"{""name"":""insight_comments"",""type"":""table"",""schema"":""public""}",auth_rls_init_plan_public_insight_comments_Users can update own insight comments
auth_rls_initplan,Auth RLS Initialization Plan,WARN,EXTERNAL,"[""PERFORMANCE""]",Detects if calls to \`current_setting()\` and \`auth.<function>()\` in RLS policies are being unnecessarily re-evaluated for each row,Table \`public.insight_comments\` has a row level security policy \`insight_comments_delete_own_or_insight_author\` that re-evaluates current_setting() or auth.<function>() for each row. This produces suboptimal query performance at scale. Resolve the issue by replacing \`auth.<function>()\` with \`(select auth.<function>())\`. See [docs](https://supabase.com/docs/guides/database/postgres/row-level-security#call-functions-with-select) for more info.,https://supabase.com/docs/guides/database/database-linter?lint=0003_auth_rls_initplan,"{""name"":""insight_comments"",""type"":""table"",""schema"":""public""}",auth_rls_init_plan_public_insight_comments_insight_comments_delete_own_or_insight_author
auth_rls_initplan,Auth RLS Initialization Plan,WARN,EXTERNAL,"[""PERFORMANCE""]",Detects if calls to \`current_setting()\` and \`auth.<function>()\` in RLS policies are being unnecessarily re-evaluated for each row,Table \`public.insight_comments\` has a row level security policy \`insight_comments_insert_own\` that re-evaluates current_setting() or auth.<function>() for each row. This produces suboptimal query performance at scale. Resolve the issue by replacing \`auth.<function>()\` with \`(select auth.<function>())\`. See [docs](https://supabase.com/docs/guides/database/postgres/row-level-security#call-functions-with-select) for more info.,https://supabase.com/docs/guides/database/database-linter?lint=0003_auth_rls_initplan,"{""name"":""insight_comments"",""type"":""table"",""schema"":""public""}",auth_rls_init_plan_public_insight_comments_insight_comments_insert_own
auth_rls_initplan,Auth RLS Initialization Plan,WARN,EXTERNAL,"[""PERFORMANCE""]",Detects if calls to \`current_setting()\` and \`auth.<function>()\` in RLS policies are being unnecessarily re-evaluated for each row,Table \`public.insight_comments\` has a row level security policy \`insight_comments_owner_all\` that re-evaluates current_setting() or auth.<function>() for each row. This produces suboptimal query performance at scale. Resolve the issue by replacing \`auth.<function>()\` with \`(select auth.<function>())\`. See [docs](https://supabase.com/docs/guides/database/postgres/row-level-security#call-functions-with-select) for more info.,https://supabase.com/docs/guides/database/database-linter?lint=0003_auth_rls_initplan,"{""name"":""insight_comments"",""type"":""table"",""schema"":""public""}",auth_rls_init_plan_public_insight_comments_insight_comments_owner_all
auth_rls_initplan,Auth RLS Initialization Plan,WARN,EXTERNAL,"[""PERFORMANCE""]",Detects if calls to \`current_setting()\` and \`auth.<function>()\` in RLS policies are being unnecessarily re-evaluated for each row,Table \`public.xp_ledger\` has a row level security policy \`Users can create own XP entries\` that re-evaluates current_setting() or auth.<function>() for each row. This produces suboptimal query performance at scale. Resolve the issue by replacing \`auth.<function>()\` with \`(select auth.<function>())\`. See [docs](https://supabase.com/docs/guides/database/postgres/row-level-security#call-functions-with-select) for more info.,https://supabase.com/docs/guides/database/database-linter?lint=0003_auth_rls_initplan,"{""name"":""xp_ledger"",""type"":""table"",""schema"":""public""}",auth_rls_init_plan_public_xp_ledger_Users can create own XP entries
auth_rls_initplan,Auth RLS Initialization Plan,WARN,EXTERNAL,"[""PERFORMANCE""]",Detects if calls to \`current_setting()\` and \`auth.<function>()\` in RLS policies are being unnecessarily re-evaluated for each row,Table \`public.xp_ledger\` has a row level security policy \`Users can insert their own XP records\` that re-evaluates current_setting() or auth.<function>() for each row. This produces suboptimal query performance at scale. Resolve the issue by replacing \`auth.<function>()\` with \`(select auth.<function>())\`. See [docs](https://supabase.com/docs/guides/database/postgres/row-level-security#call-functions-with-select) for more info.,https://supabase.com/docs/guides/database/database-linter?lint=0003_auth_rls_initplan,"{""name"":""xp_ledger"",""type"":""table"",""schema"":""public""}",auth_rls_init_plan_public_xp_ledger_Users can insert their own XP records
auth_rls_initplan,Auth RLS Initialization Plan,WARN,EXTERNAL,"[""PERFORMANCE""]",Detects if calls to \`current_setting()\` and \`auth.<function>()\` in RLS policies are being unnecessarily re-evaluated for each row,Table \`public.xp_ledger\` has a row level security policy \`Users can view their own XP records\` that re-evaluates current_setting() or auth.<function>() for each row. This produces suboptimal query performance at scale. Resolve the issue by replacing \`auth.<function>()\` with \`(select auth.<function>())\`. See [docs](https://supabase.com/docs/guides/database/postgres/row-level-security#call-functions-with-select) for more info.,https://supabase.com/docs/guides/database/database-linter?lint=0003_auth_rls_initplan,"{""name"":""xp_ledger"",""type"":""table"",""schema"":""public""}",auth_rls_init_plan_public_xp_ledger_Users can view their own XP records
auth_rls_initplan,Auth RLS Initialization Plan,WARN,EXTERNAL,"[""PERFORMANCE""]",Detects if calls to \`current_setting()\` and \`auth.<function>()\` in RLS policies are being unnecessarily re-evaluated for each row,Table \`public.xp_ledger\` has a row level security policy \`xp_ledger_select_own\` that re-evaluates current_setting() or auth.<function>() for each row. This produces suboptimal query performance at scale. Resolve the issue by replacing \`auth.<function>()\` with \`(select auth.<function>())\`. See [docs](https://supabase.com/docs/guides/database/postgres/row-level-security#call-functions-with-select) for more info.,https://supabase.com/docs/guides/database/database-linter?lint=0003_auth_rls_initplan,"{""name"":""xp_ledger"",""type"":""table"",""schema"":""public""}",auth_rls_init_plan_public_xp_ledger_xp_ledger_select_own
auth_rls_initplan,Auth RLS Initialization Plan,WARN,EXTERNAL,"[""PERFORMANCE""]",Detects if calls to \`current_setting()\` and \`auth.<function>()\` in RLS policies are being unnecessarily re-evaluated for each row,Table \`public.quiz_attempts\` has a row level security policy \`Users can manage own quiz attempts\` that re-evaluates current_setting() or auth.<function>() for each row. This produces suboptimal query performance at scale. Resolve the issue by replacing \`auth.<function>()\` with \`(select auth.<function>())\`. See [docs](https://supabase.com/docs/guides/database/postgres/row-level-security#call-functions-with-select) for more info.,https://supabase.com/docs/guides/database/database-linter?lint=0003_auth_rls_initplan,"{""name"":""quiz_attempts"",""type"":""table"",""schema"":""public""}",auth_rls_init_plan_public_quiz_attempts_Users can manage own quiz attempts
auth_rls_initplan,Auth RLS Initialization Plan,WARN,EXTERNAL,"[""PERFORMANCE""]",Detects if calls to \`current_setting()\` and \`auth.<function>()\` in RLS policies are being unnecessarily re-evaluated for each row,Table \`public.quiz_attempts\` has a row level security policy \`quiz_attempts_insert_own\` that re-evaluates current_setting() or auth.<function>() for each row. This produces suboptimal query performance at scale. Resolve the issue by replacing \`auth.<function>()\` with \`(select auth.<function>())\`. See [docs](https://supabase.com/docs/guides/database/postgres/row-level-security#call-functions-with-select) for more info.,https://supabase.com/docs/guides/database/database-linter?lint=0003_auth_rls_initplan,"{""name"":""quiz_attempts"",""type"":""table"",""schema"":""public""}",auth_rls_init_plan_public_quiz_attempts_quiz_attempts_insert_own
auth_rls_initplan,Auth RLS Initialization Plan,WARN,EXTERNAL,"[""PERFORMANCE""]",Detects if calls to \`current_setting()\` and \`auth.<function>()\` in RLS policies are being unnecessarily re-evaluated for each row,Table \`public.quiz_attempts\` has a row level security policy \`quiz_attempts_select_own\` that re-evaluates current_setting() or auth.<function>() for each row. This produces suboptimal query performance at scale. Resolve the issue by replacing \`auth.<function>()\` with \`(select auth.<function>())\`. See [docs](https://supabase.com/docs/guides/database/postgres/row-level-security#call-functions-with-select) for more info.,https://supabase.com/docs/guides/database/database-linter?lint=0003_auth_rls_initplan,"{""name"":""quiz_attempts"",""type"":""table"",""schema"":""public""}",auth_rls_init_plan_public_quiz_attempts_quiz_attempts_select_own
auth_rls_initplan,Auth RLS Initialization Plan,WARN,EXTERNAL,"[""PERFORMANCE""]",Detects if calls to \`current_setting()\` and \`auth.<function>()\` in RLS policies are being unnecessarily re-evaluated for each row,Table \`public.content_views\` has a row level security policy \`Users can create own content views\` that re-evaluates current_setting() or auth.<function>() for each row. This produces suboptimal query performance at scale. Resolve the issue by replacing \`auth.<function>()\` with \`(select auth.<function>())\`. See [docs](https://supabase.com/docs/guides/database/postgres/row-level-security#call-functions-with-select) for more info.,https://supabase.com/docs/guides/database/database-linter?lint=0003_auth_rls_initplan,"{""name"":""content_views"",""type"":""table"",""schema"":""public""}",auth_rls_init_plan_public_content_views_Users can create own content views
auth_rls_initplan,Auth RLS Initialization Plan,WARN,EXTERNAL,"[""PERFORMANCE""]",Detects if calls to \`current_setting()\` and \`auth.<function>()\` in RLS policies are being unnecessarily re-evaluated for each row,Table \`public.content_views\` has a row level security policy \`Users can insert their own views\` that re-evaluates current_setting() or auth.<function>() for each row. This produces suboptimal query performance at scale. Resolve the issue by replacing \`auth.<function>()\` with \`(select auth.<function>())\`. See [docs](https://supabase.com/docs/guides/database/postgres/row-level-security#call-functions-with-select) for more info.,https://supabase.com/docs/guides/database/database-linter?lint=0003_auth_rls_initplan,"{""name"":""content_views"",""type"":""table"",""schema"":""public""}",auth_rls_init_plan_public_content_views_Users can insert their own views
auth_rls_initplan,Auth RLS Initialization Plan,WARN,EXTERNAL,"[""PERFORMANCE""]",Detects if calls to \`current_setting()\` and \`auth.<function>()\` in RLS policies are being unnecessarily re-evaluated for each row,Table \`public.content_views\` has a row level security policy \`Users can view their own views\` that re-evaluates current_setting() or auth.<function>() for each row. This produces suboptimal query performance at scale. Resolve the issue by replacing \`auth.<function>()\` with \`(select auth.<function>())\`. See [docs](https://supabase.com/docs/guides/database/postgres/row-level-security#call-functions-with-select) for more info.,https://supabase.com/docs/guides/database/database-linter?lint=0003_auth_rls_initplan,"{""name"":""content_views"",""type"":""table"",""schema"":""public""}",auth_rls_init_plan_public_content_views_Users can view their own views
auth_rls_initplan,Auth RLS Initialization Plan,WARN,EXTERNAL,"[""PERFORMANCE""]",Detects if calls to \`current_setting()\` and \`auth.<function>()\` in RLS policies are being unnecessarily re-evaluated for each row,Table \`public.insight_comment_likes\` has a row level security policy \`Users can manage own insight comment likes\` that re-evaluates current_setting() or auth.<function>() for each row. This produces suboptimal query performance at scale. Resolve the issue by replacing \`auth.<function>()\` with \`(select auth.<function>())\`. See [docs](https://supabase.com/docs/guides/database/postgres/row-level-security#call-functions-with-select) for more info.,https://supabase.com/docs/guides/database/database-linter?lint=0003_auth_rls_initplan,"{""name"":""insight_comment_likes"",""type"":""table"",""schema"":""public""}",auth_rls_init_plan_public_insight_comment_likes_Users can manage own insight comment likes
auth_rls_initplan,Auth RLS Initialization Plan,WARN,EXTERNAL,"[""PERFORMANCE""]",Detects if calls to \`current_setting()\` and \`auth.<function>()\` in RLS policies are being unnecessarily re-evaluated for each row,Table \`public.article_comment_likes\` has a row level security policy \`Users can manage own article comment likes\` that re-evaluates current_setting() or auth.<function>() for each row. This produces suboptimal query performance at scale. Resolve the issue by replacing \`auth.<function>()\` with \`(select auth.<function>())\`. See [docs](https://supabase.com/docs/guides/database/postgres/row-level-security#call-functions-with-select) for more info.,https://supabase.com/docs/guides/database/database-linter?lint=0003_auth_rls_initplan,"{""name"":""article_comment_likes"",""type"":""table"",""schema"":""public""}",auth_rls_init_plan_public_article_comment_likes_Users can manage own article comment likes
auth_rls_initplan,Auth RLS Initialization Plan,WARN,EXTERNAL,"[""PERFORMANCE""]",Detects if calls to \`current_setting()\` and \`auth.<function>()\` in RLS policies are being unnecessarily re-evaluated for each row,Table \`public.article_views_enhanced\` has a row level security policy \`Users can create own enhanced article views\` that re-evaluates current_setting() or auth.<function>() for each row. This produces suboptimal query performance at scale. Resolve the issue by replacing \`auth.<function>()\` with \`(select auth.<function>())\`. See [docs](https://supabase.com/docs/guides/database/postgres/row-level-security#call-functions-with-select) for more info.,https://supabase.com/docs/guides/database/database-linter?lint=0003_auth_rls_initplan,"{""name"":""article_views_enhanced"",""type"":""table"",""schema"":""public""}",auth_rls_init_plan_public_article_views_enhanced_Users can create own enhanced article views
auth_rls_initplan,Auth RLS Initialization Plan,WARN,EXTERNAL,"[""PERFORMANCE""]",Detects if calls to \`current_setting()\` and \`auth.<function>()\` in RLS policies are being unnecessarily re-evaluated for each row,Table \`public.paper_comment_likes\` has a row level security policy \`Users can manage own paper comment likes\` that re-evaluates current_setting() or auth.<function>() for each row. This produces suboptimal query performance at scale. Resolve the issue by replacing \`auth.<function>()\` with \`(select auth.<function>())\`. See [docs](https://supabase.com/docs/guides/database/postgres/row-level-security#call-functions-with-select) for more info.,https://supabase.com/docs/guides/database/database-linter?lint=0003_auth_rls_initplan,"{""name"":""paper_comment_likes"",""type"":""table"",""schema"":""public""}",auth_rls_init_plan_public_paper_comment_likes_Users can manage own paper comment likes
auth_rls_initplan,Auth RLS Initialization Plan,WARN,EXTERNAL,"[""PERFORMANCE""]",Detects if calls to \`current_setting()\` and \`auth.<function>()\` in RLS policies are being unnecessarily re-evaluated for each row,Table \`public.book_comment_likes\` has a row level security policy \`Users can manage own book comment likes\` that re-evaluates current_setting() or auth.<function>() for each row. This produces suboptimal query performance at scale. Resolve the issue by replacing \`auth.<function>()\` with \`(select auth.<function>())\`. See [docs](https://supabase.com/docs/guides/database/postgres/row-level-security#call-functions-with-select) for more info.,https://supabase.com/docs/guides/database/database-linter?lint=0003_auth_rls_initplan,"{""name"":""book_comment_likes"",""type"":""table"",""schema"":""public""}",auth_rls_init_plan_public_book_comment_likes_Users can manage own book comment likes
auth_rls_initplan,Auth RLS Initialization Plan,WARN,EXTERNAL,"[""PERFORMANCE""]",Detects if calls to \`current_setting()\` and \`auth.<function>()\` in RLS policies are being unnecessarily re-evaluated for each row,Table \`public.user_achievements\` has a row level security policy \`Users can view their own achievements\` that re-evaluates current_setting() or auth.<function>() for each row. This produces suboptimal query performance at scale. Resolve the issue by replacing \`auth.<function>()\` with \`(select auth.<function>())\`. See [docs](https://supabase.com/docs/guides/database/postgres/row-level-security#call-functions-with-select) for more info.,https://supabase.com/docs/guides/database/database-linter?lint=0003_auth_rls_initplan,"{""name"":""user_achievements"",""type"":""table"",""schema"":""public""}",auth_rls_init_plan_public_user_achievements_Users can view their own achievements
auth_rls_initplan,Auth RLS Initialization Plan,WARN,EXTERNAL,"[""PERFORMANCE""]",Detects if calls to \`current_setting()\` and \`auth.<function>()\` in RLS policies are being unnecessarily re-evaluated for each row,Table \`public.profile_sections\` has a row level security policy \`Users can manage their own profile sections\` that re-evaluates current_setting() or auth.<function>() for each row. This produces suboptimal query performance at scale. Resolve the issue by replacing \`auth.<function>()\` with \`(select auth.<function>())\`. See [docs](https://supabase.com/docs/guides/database/postgres/row-level-security#call-functions-with-select) for more info.,https://supabase.com/docs/guides/database/database-linter?lint=0003_auth_rls_initplan,"{""name"":""profile_sections"",""type"":""table"",""schema"":""public""}",auth_rls_init_plan_public_profile_sections_Users can manage their own profile sections
auth_rls_initplan,Auth RLS Initialization Plan,WARN,EXTERNAL,"[""PERFORMANCE""]",Detects if calls to \`current_setting()\` and \`auth.<function>()\` in RLS policies are being unnecessarily re-evaluated for each row,Table \`public.user_streaks\` has a row level security policy \`Users can delete their own streaks\` that re-evaluates current_setting() or auth.<function>() for each row. This produces suboptimal query performance at scale. Resolve the issue by replacing \`auth.<function>()\` with \`(select auth.<function>())\`. See [docs](https://supabase.com/docs/guides/database/postgres/row-level-security#call-functions-with-select) for more info.,https://supabase.com/docs/guides/database/database-linter?lint=0003_auth_rls_initplan,"{""name"":""user_streaks"",""type"":""table"",""schema"":""public""}",auth_rls_init_plan_public_user_streaks_Users can delete their own streaks
auth_rls_initplan,Auth RLS Initialization Plan,WARN,EXTERNAL,"[""PERFORMANCE""]",Detects if calls to \`current_setting()\` and \`auth.<function>()\` in RLS policies are being unnecessarily re-evaluated for each row,Table \`public.user_streaks\` has a row level security policy \`Users can insert their own streaks\` that re-evaluates current_setting() or auth.<function>() for each row. This produces suboptimal query performance at scale. Resolve the issue by replacing \`auth.<function>()\` with \`(select auth.<function>())\`. See [docs](https://supabase.com/docs/guides/database/postgres/row-level-security#call-functions-with-select) for more info.,https://supabase.com/docs/guides/database/database-linter?lint=0003_auth_rls_initplan,"{""name"":""user_streaks"",""type"":""table"",""schema"":""public""}",auth_rls_init_plan_public_user_streaks_Users can insert their own streaks
auth_rls_initplan,Auth RLS Initialization Plan,WARN,EXTERNAL,"[""PERFORMANCE""]",Detects if calls to \`current_setting()\` and \`auth.<function>()\` in RLS policies are being unnecessarily re-evaluated for each row,Table \`public.user_streaks\` has a row level security policy \`Users can update their own streaks\` that re-evaluates current_setting() or auth.<function>() for each row. This produces suboptimal query performance at scale. Resolve the issue by replacing \`auth.<function>()\` with \`(select auth.<function>())\`. See [docs](https://supabase.com/docs/guides/database/postgres/row-level-security#call-functions-with-select) for more info.,https://supabase.com/docs/guides/database/database-linter?lint=0003_auth_rls_initplan,"{""name"":""user_streaks"",""type"":""table"",""schema"":""public""}",auth_rls_init_plan_public_user_streaks_Users can update their own streaks
auth_rls_initplan,Auth RLS Initialization Plan,WARN,EXTERNAL,"[""PERFORMANCE""]",Detects if calls to \`current_setting()\` and \`auth.<function>()\` in RLS policies are being unnecessarily re-evaluated for each row,Table \`public.user_streaks\` has a row level security policy \`Users can view their own streaks\` that re-evaluates current_setting() or auth.<function>() for each row. This produces suboptimal query performance at scale. Resolve the issue by replacing \`auth.<function>()\` with \`(select auth.<function>())\`. See [docs](https://supabase.com/docs/guides/database/postgres/row-level-security#call-functions-with-select) for more info.,https://supabase.com/docs/guides/database/database-linter?lint=0003_auth_rls_initplan,"{""name"":""user_streaks"",""type"":""table"",""schema"":""public""}",auth_rls_init_plan_public_user_streaks_Users can view their own streaks
auth_rls_initplan,Auth RLS Initialization Plan,WARN,EXTERNAL,"[""PERFORMANCE""]",Detects if calls to \`current_setting()\` and \`auth.<function>()\` in RLS policies are being unnecessarily re-evaluated for each row,Table \`public.user_daily_activities\` has a row level security policy \`Users can insert their own daily activities\` that re-evaluates current_setting() or auth.<function>() for each row. This produces suboptimal query performance at scale. Resolve the issue by replacing \`auth.<function>()\` with \`(select auth.<function>())\`. See [docs](https://supabase.com/docs/guides/database/postgres/row-level-security#call-functions-with-select) for more info.,https://supabase.com/docs/guides/database/database-linter?lint=0003_auth_rls_initplan,"{""name"":""user_daily_activities"",""type"":""table"",""schema"":""public""}",auth_rls_init_plan_public_user_daily_activities_Users can insert their own daily activities
auth_rls_initplan,Auth RLS Initialization Plan,WARN,EXTERNAL,"[""PERFORMANCE""]",Detects if calls to \`current_setting()\` and \`auth.<function>()\` in RLS policies are being unnecessarily re-evaluated for each row,Table \`public.user_daily_activities\` has a row level security policy \`Users can update their own daily activities\` that re-evaluates current_setting() or auth.<function>() for each row. This produces suboptimal query performance at scale. Resolve the issue by replacing \`auth.<function>()\` with \`(select auth.<function>())\`. See [docs](https://supabase.com/docs/guides/database/postgres/row-level-security#call-functions-with-select) for more info.,https://supabase.com/docs/guides/database/database-linter?lint=0003_auth_rls_initplan,"{""name"":""user_daily_activities"",""type"":""table"",""schema"":""public""}",auth_rls_init_plan_public_user_daily_activities_Users can update their own daily activities
auth_rls_initplan,Auth RLS Initialization Plan,WARN,EXTERNAL,"[""PERFORMANCE""]",Detects if calls to \`current_setting()\` and \`auth.<function>()\` in RLS policies are being unnecessarily re-evaluated for each row,Table \`public.user_daily_activities\` has a row level security policy \`Users can view their own daily activities\` that re-evaluates current_setting() or auth.<function>() for each row. This produces suboptimal query performance at scale. Resolve the issue by replacing \`auth.<function>()\` with \`(select auth.<function>())\`. See [docs](https://supabase.com/docs/guides/database/postgres/row-level-security#call-functions-with-select) for more info.,https://supabase.com/docs/guides/database/database-linter?lint=0003_auth_rls_initplan,"{""name"":""user_daily_activities"",""type"":""table"",""schema"":""public""}",auth_rls_init_plan_public_user_daily_activities_Users can view their own daily activities
auth_rls_initplan,Auth RLS Initialization Plan,WARN,EXTERNAL,"[""PERFORMANCE""]",Detects if calls to \`current_setting()\` and \`auth.<function>()\` in RLS policies are being unnecessarily re-evaluated for each row,Table \`public.user_skills\` has a row level security policy \`Users can manage their own skills\` that re-evaluates current_setting() or auth.<function>() for each row. This produces suboptimal query performance at scale. Resolve the issue by replacing \`auth.<function>()\` with \`(select auth.<function>())\`. See [docs](https://supabase.com/docs/guides/database/postgres/row-level-security#call-functions-with-select) for more info.,https://supabase.com/docs/guides/database/database-linter?lint=0003_auth_rls_initplan,"{""name"":""user_skills"",""type"":""table"",""schema"":""public""}",auth_rls_init_plan_public_user_skills_Users can manage their own skills
auth_rls_initplan,Auth RLS Initialization Plan,WARN,EXTERNAL,"[""PERFORMANCE""]",Detects if calls to \`current_setting()\` and \`auth.<function>()\` in RLS policies are being unnecessarily re-evaluated for each row,Table \`public.user_skills\` has a row level security policy \`Users can view their own skills\` that re-evaluates current_setting() or auth.<function>() for each row. This produces suboptimal query performance at scale. Resolve the issue by replacing \`auth.<function>()\` with \`(select auth.<function>())\`. See [docs](https://supabase.com/docs/guides/database/postgres/row-level-security#call-functions-with-select) for more info.,https://supabase.com/docs/guides/database/database-linter?lint=0003_auth_rls_initplan,"{""name"":""user_skills"",""type"":""table"",""schema"":""public""}",auth_rls_init_plan_public_user_skills_Users can view their own skills
auth_rls_initplan,Auth RLS Initialization Plan,WARN,EXTERNAL,"[""PERFORMANCE""]",Detects if calls to \`current_setting()\` and \`auth.<function>()\` in RLS policies are being unnecessarily re-evaluated for each row,Table \`public.user_skill_endorsements\` has a row level security policy \`Users can endorse others' skills\` that re-evaluates current_setting() or auth.<function>() for each row. This produces suboptimal query performance at scale. Resolve the issue by replacing \`auth.<function>()\` with \`(select auth.<function>())\`. See [docs](https://supabase.com/docs/guides/database/postgres/row-level-security#call-functions-with-select) for more info.,https://supabase.com/docs/guides/database/database-linter?lint=0003_auth_rls_initplan,"{""name"":""user_skill_endorsements"",""type"":""table"",""schema"":""public""}",auth_rls_init_plan_public_user_skill_endorsements_Users can endorse others' skills
auth_rls_initplan,Auth RLS Initialization Plan,WARN,EXTERNAL,"[""PERFORMANCE""]",Detects if calls to \`current_setting()\` and \`auth.<function>()\` in RLS policies are being unnecessarily re-evaluated for each row,Table \`public.user_skill_endorsements\` has a row level security policy \`Users can manage their own endorsements\` that re-evaluates current_setting() or auth.<function>() for each row. This produces suboptimal query performance at scale. Resolve the issue by replacing \`auth.<function>()\` with \`(select auth.<function>())\`. See [docs](https://supabase.com/docs/guides/database/postgres/row-level-security#call-functions-with-select) for more info.,https://supabase.com/docs/guides/database/database-linter?lint=0003_auth_rls_initplan,"{""name"":""user_skill_endorsements"",""type"":""table"",""schema"":""public""}",auth_rls_init_plan_public_user_skill_endorsements_Users can manage their own endorsements
auth_rls_initplan,Auth RLS Initialization Plan,WARN,EXTERNAL,"[""PERFORMANCE""]",Detects if calls to \`current_setting()\` and \`auth.<function>()\` in RLS policies are being unnecessarily re-evaluated for each row,Table \`public.user_certifications\` has a row level security policy \`Users can manage their own certifications\` that re-evaluates current_setting() or auth.<function>() for each row. This produces suboptimal query performance at scale. Resolve the issue by replacing \`auth.<function>()\` with \`(select auth.<function>())\`. See [docs](https://supabase.com/docs/guides/database/postgres/row-level-security#call-functions-with-select) for more info.,https://supabase.com/docs/guides/database/database-linter?lint=0003_auth_rls_initplan,"{""name"":""user_certifications"",""type"":""table"",""schema"":""public""}",auth_rls_init_plan_public_user_certifications_Users can manage their own certifications
auth_rls_initplan,Auth RLS Initialization Plan,WARN,EXTERNAL,"[""PERFORMANCE""]",Detects if calls to \`current_setting()\` and \`auth.<function>()\` in RLS policies are being unnecessarily re-evaluated for each row,Table \`public.user_certifications\` has a row level security policy \`Users can view their own certifications\` that re-evaluates current_setting() or auth.<function>() for each row. This produces suboptimal query performance at scale. Resolve the issue by replacing \`auth.<function>()\` with \`(select auth.<function>())\`. See [docs](https://supabase.com/docs/guides/database/postgres/row-level-security#call-functions-with-select) for more info.,https://supabase.com/docs/guides/database/database-linter?lint=0003_auth_rls_initplan,"{""name"":""user_certifications"",""type"":""table"",""schema"":""public""}",auth_rls_init_plan_public_user_certifications_Users can view their own certifications
auth_rls_initplan,Auth RLS Initialization Plan,WARN,EXTERNAL,"[""PERFORMANCE""]",Detects if calls to \`current_setting()\` and \`auth.<function>()\` in RLS policies are being unnecessarily re-evaluated for each row,Table \`public.user_languages\` has a row level security policy \`Users can manage their own languages\` that re-evaluates current_setting() or auth.<function>() for each row. This produces suboptimal query performance at scale. Resolve the issue by replacing \`auth.<function>()\` with \`(select auth.<function>())\`. See [docs](https://supabase.com/docs/guides/database/postgres/row-level-security#call-functions-with-select) for more info.,https://supabase.com/docs/guides/database/database-linter?lint=0003_auth_rls_initplan,"{""name"":""user_languages"",""type"":""table"",""schema"":""public""}",auth_rls_init_plan_public_user_languages_Users can manage their own languages
auth_rls_initplan,Auth RLS Initialization Plan,WARN,EXTERNAL,"[""PERFORMANCE""]",Detects if calls to \`current_setting()\` and \`auth.<function>()\` in RLS policies are being unnecessarily re-evaluated for each row,Table \`public.user_publications\` has a row level security policy \`Users can manage their own publications\` that re-evaluates current_setting() or auth.<function>() for each row. This produces suboptimal query performance at scale. Resolve the issue by replacing \`auth.<function>()\` with \`(select auth.<function>())\`. See [docs](https://supabase.com/docs/guides/database/postgres/row-level-security#call-functions-with-select) for more info.,https://supabase.com/docs/guides/database/database-linter?lint=0003_auth_rls_initplan,"{""name"":""user_publications"",""type"":""table"",""schema"":""public""}",auth_rls_init_plan_public_user_publications_Users can manage their own publications
auth_rls_initplan,Auth RLS Initialization Plan,WARN,EXTERNAL,"[""PERFORMANCE""]",Detects if calls to \`current_setting()\` and \`auth.<function>()\` in RLS policies are being unnecessarily re-evaluated for each row,Table \`public.learning_sessions\` has a row level security policy \`Users can manage their own learning sessions\` that re-evaluates current_setting() or auth.<function>() for each row. This produces suboptimal query performance at scale. Resolve the issue by replacing \`auth.<function>()\` with \`(select auth.<function>())\`. See [docs](https://supabase.com/docs/guides/database/postgres/row-level-security#call-functions-with-select) for more info.,https://supabase.com/docs/guides/database/database-linter?lint=0003_auth_rls_initplan,"{""name"":""learning_sessions"",""type"":""table"",""schema"":""public""}",auth_rls_init_plan_public_learning_sessions_Users can manage their own learning sessions
auth_rls_initplan,Auth RLS Initialization Plan,WARN,EXTERNAL,"[""PERFORMANCE""]",Detects if calls to \`current_setting()\` and \`auth.<function>()\` in RLS policies are being unnecessarily re-evaluated for each row,Table \`public.learning_sessions\` has a row level security policy \`Users can view their own learning sessions\` that re-evaluates current_setting() or auth.<function>() for each row. This produces suboptimal query performance at scale. Resolve the issue by replacing \`auth.<function>()\` with \`(select auth.<function>())\`. See [docs](https://supabase.com/docs/guides/database/postgres/row-level-security#call-functions-with-select) for more info.,https://supabase.com/docs/guides/database/database-linter?lint=0003_auth_rls_initplan,"{""name"":""learning_sessions"",""type"":""table"",""schema"":""public""}",auth_rls_init_plan_public_learning_sessions_Users can view their own learning sessions
auth_rls_initplan,Auth RLS Initialization Plan,WARN,EXTERNAL,"[""PERFORMANCE""]",Detects if calls to \`current_setting()\` and \`auth.<function>()\` in RLS policies are being unnecessarily re-evaluated for each row,Table \`public.user_learning_analytics\` has a row level security policy \`System can update analytics\` that re-evaluates current_setting() or auth.<function>() for each row. This produces suboptimal query performance at scale. Resolve the issue by replacing \`auth.<function>()\` with \`(select auth.<function>())\`. See [docs](https://supabase.com/docs/guides/database/postgres/row-level-security#call-functions-with-select) for more info.,https://supabase.com/docs/guides/database/database-linter?lint=0003_auth_rls_initplan,"{""name"":""user_learning_analytics"",""type"":""table"",""schema"":""public""}",auth_rls_init_plan_public_user_learning_analytics_System can update analytics
auth_rls_initplan,Auth RLS Initialization Plan,WARN,EXTERNAL,"[""PERFORMANCE""]",Detects if calls to \`current_setting()\` and \`auth.<function>()\` in RLS policies are being unnecessarily re-evaluated for each row,Table \`public.user_learning_analytics\` has a row level security policy \`Users can view their own analytics\` that re-evaluates current_setting() or auth.<function>() for each row. This produces suboptimal query performance at scale. Resolve the issue by replacing \`auth.<function>()\` with \`(select auth.<function>())\`. See [docs](https://supabase.com/docs/guides/database/postgres/row-level-security#call-functions-with-select) for more info.,https://supabase.com/docs/guides/database/database-linter?lint=0003_auth_rls_initplan,"{""name"":""user_learning_analytics"",""type"":""table"",""schema"":""public""}",auth_rls_init_plan_public_user_learning_analytics_Users can view their own analytics
auth_rls_initplan,Auth RLS Initialization Plan,WARN,EXTERNAL,"[""PERFORMANCE""]",Detects if calls to \`current_setting()\` and \`auth.<function>()\` in RLS policies are being unnecessarily re-evaluated for each row,Table \`public.user_content_interactions\` has a row level security policy \`Users can manage their own interactions\` that re-evaluates current_setting() or auth.<function>() for each row. This produces suboptimal query performance at scale. Resolve the issue by replacing \`auth.<function>()\` with \`(select auth.<function>())\`. See [docs](https://supabase.com/docs/guides/database/postgres/row-level-security#call-functions-with-select) for more info.,https://supabase.com/docs/guides/database/database-linter?lint=0003_auth_rls_initplan,"{""name"":""user_content_interactions"",""type"":""table"",""schema"":""public""}",auth_rls_init_plan_public_user_content_interactions_Users can manage their own interactions
auth_rls_initplan,Auth RLS Initialization Plan,WARN,EXTERNAL,"[""PERFORMANCE""]",Detects if calls to \`current_setting()\` and \`auth.<function>()\` in RLS policies are being unnecessarily re-evaluated for each row,Table \`public.user_content_interactions\` has a row level security policy \`Users can view their own interactions\` that re-evaluates current_setting() or auth.<function>() for each row. This produces suboptimal query performance at scale. Resolve the issue by replacing \`auth.<function>()\` with \`(select auth.<function>())\`. See [docs](https://supabase.com/docs/guides/database/postgres/row-level-security#call-functions-with-select) for more info.,https://supabase.com/docs/guides/database/database-linter?lint=0003_auth_rls_initplan,"{""name"":""user_content_interactions"",""type"":""table"",""schema"":""public""}",auth_rls_init_plan_public_user_content_interactions_Users can view their own interactions
auth_rls_initplan,Auth RLS Initialization Plan,WARN,EXTERNAL,"[""PERFORMANCE""]",Detects if calls to \`current_setting()\` and \`auth.<function>()\` in RLS policies are being unnecessarily re-evaluated for each row,Table \`public.user_learning_goals\` has a row level security policy \`Users can manage their own learning goals\` that re-evaluates current_setting() or auth.<function>() for each row. This produces suboptimal query performance at scale. Resolve the issue by replacing \`auth.<function>()\` with \`(select auth.<function>())\`. See [docs](https://supabase.com/docs/guides/database/postgres/row-level-security#call-functions-with-select) for more info.,https://supabase.com/docs/guides/database/database-linter?lint=0003_auth_rls_initplan,"{""name"":""user_learning_goals"",""type"":""table"",""schema"":""public""}",auth_rls_init_plan_public_user_learning_goals_Users can manage their own learning goals
auth_rls_initplan,Auth RLS Initialization Plan,WARN,EXTERNAL,"[""PERFORMANCE""]",Detects if calls to \`current_setting()\` and \`auth.<function>()\` in RLS policies are being unnecessarily re-evaluated for each row,Table \`public.user_learning_goals\` has a row level security policy \`Users can view their own learning goals\` that re-evaluates current_setting() or auth.<function>() for each row. This produces suboptimal query performance at scale. Resolve the issue by replacing \`auth.<function>()\` with \`(select auth.<function>())\`. See [docs](https://supabase.com/docs/guides/database/postgres/row-level-security#call-functions-with-select) for more info.,https://supabase.com/docs/guides/database/database-linter?lint=0003_auth_rls_initplan,"{""name"":""user_learning_goals"",""type"":""table"",""schema"":""public""}",auth_rls_init_plan_public_user_learning_goals_Users can view their own learning goals
auth_rls_initplan,Auth RLS Initialization Plan,WARN,EXTERNAL,"[""PERFORMANCE""]",Detects if calls to \`current_setting()\` and \`auth.<function>()\` in RLS policies are being unnecessarily re-evaluated for each row,Table \`public.achievements\` has a row level security policy \`Anyone can view secret achievements they've unlocked\` that re-evaluates current_setting() or auth.<function>() for each row. This produces suboptimal query performance at scale. Resolve the issue by replacing \`auth.<function>()\` with \`(select auth.<function>())\`. See [docs](https://supabase.com/docs/guides/database/postgres/row-level-security#call-functions-with-select) for more info.,https://supabase.com/docs/guides/database/database-linter?lint=0003_auth_rls_initplan,"{""name"":""achievements"",""type"":""table"",""schema"":""public""}",auth_rls_init_plan_public_achievements_Anyone can view secret achievements they've unlocked
auth_rls_initplan,Auth RLS Initialization Plan,WARN,EXTERNAL,"[""PERFORMANCE""]",Detects if calls to \`current_setting()\` and \`auth.<function>()\` in RLS policies are being unnecessarily re-evaluated for each row,Table \`public.user_achievement_progress\` has a row level security policy \`System can manage achievement progress\` that re-evaluates current_setting() or auth.<function>() for each row. This produces suboptimal query performance at scale. Resolve the issue by replacing \`auth.<function>()\` with \`(select auth.<function>())\`. See [docs](https://supabase.com/docs/guides/database/postgres/row-level-security#call-functions-with-select) for more info.,https://supabase.com/docs/guides/database/database-linter?lint=0003_auth_rls_initplan,"{""name"":""user_achievement_progress"",""type"":""table"",""schema"":""public""}",auth_rls_init_plan_public_user_achievement_progress_System can manage achievement progress
auth_rls_initplan,Auth RLS Initialization Plan,WARN,EXTERNAL,"[""PERFORMANCE""]",Detects if calls to \`current_setting()\` and \`auth.<function>()\` in RLS policies are being unnecessarily re-evaluated for each row,Table \`public.user_achievement_progress\` has a row level security policy \`Users can view their own achievement progress\` that re-evaluates current_setting() or auth.<function>() for each row. This produces suboptimal query performance at scale. Resolve the issue by replacing \`auth.<function>()\` with \`(select auth.<function>())\`. See [docs](https://supabase.com/docs/guides/database/postgres/row-level-security#call-functions-with-select) for more info.,https://supabase.com/docs/guides/database/database-linter?lint=0003_auth_rls_initplan,"{""name"":""user_achievement_progress"",""type"":""table"",""schema"":""public""}",auth_rls_init_plan_public_user_achievement_progress_Users can view their own achievement progress
auth_rls_initplan,Auth RLS Initialization Plan,WARN,EXTERNAL,"[""PERFORMANCE""]",Detects if calls to \`current_setting()\` and \`auth.<function>()\` in RLS policies are being unnecessarily re-evaluated for each row,Table \`public.business_books_catalogue\` has a row level security policy \`Admins can manage business books\` that re-evaluates current_setting() or auth.<function>() for each row. This produces suboptimal query performance at scale. Resolve the issue by replacing \`auth.<function>()\` with \`(select auth.<function>())\`. See [docs](https://supabase.com/docs/guides/database/postgres/row-level-security#call-functions-with-select) for more info.,https://supabase.com/docs/guides/database/database-linter?lint=0003_auth_rls_initplan,"{""name"":""business_books_catalogue"",""type"":""table"",""schema"":""public""}",auth_rls_init_plan_public_business_books_catalogue_Admins can manage business books
auth_rls_initplan,Auth RLS Initialization Plan,WARN,EXTERNAL,"[""PERFORMANCE""]",Detects if calls to \`current_setting()\` and \`auth.<function>()\` in RLS policies are being unnecessarily re-evaluated for each row,Table \`public.technology_books_catalogue\` has a row level security policy \`Admins can manage technology books\` that re-evaluates current_setting() or auth.<function>() for each row. This produces suboptimal query performance at scale. Resolve the issue by replacing \`auth.<function>()\` with \`(select auth.<function>())\`. See [docs](https://supabase.com/docs/guides/database/postgres/row-level-security#call-functions-with-select) for more info.,https://supabase.com/docs/guides/database/database-linter?lint=0003_auth_rls_initplan,"{""name"":""technology_books_catalogue"",""type"":""table"",""schema"":""public""}",auth_rls_init_plan_public_technology_books_catalogue_Admins can manage technology books
auth_rls_initplan,Auth RLS Initialization Plan,WARN,EXTERNAL,"[""PERFORMANCE""]",Detects if calls to \`current_setting()\` and \`auth.<function>()\` in RLS policies are being unnecessarily re-evaluated for each row,Table \`public.finance_books_catalogue\` has a row level security policy \`Admins can manage finance books\` that re-evaluates current_setting() or auth.<function>() for each row. This produces suboptimal query performance at scale. Resolve the issue by replacing \`auth.<function>()\` with \`(select auth.<function>())\`. See [docs](https://supabase.com/docs/guides/database/postgres/row-level-security#call-functions-with-select) for more info.,https://supabase.com/docs/guides/database/database-linter?lint=0003_auth_rls_initplan,"{""name"":""finance_books_catalogue"",""type"":""table"",""schema"":""public""}",auth_rls_init_plan_public_finance_books_catalogue_Admins can manage finance books
auth_rls_initplan,Auth RLS Initialization Plan,WARN,EXTERNAL,"[""PERFORMANCE""]",Detects if calls to \`current_setting()\` and \`auth.<function>()\` in RLS policies are being unnecessarily re-evaluated for each row,Table \`public.healthcare_books_catalogue\` has a row level security policy \`Admins can manage healthcare books\` that re-evaluates current_setting() or auth.<function>() for each row. This produces suboptimal query performance at scale. Resolve the issue by replacing \`auth.<function>()\` with \`(select auth.<function>())\`. See [docs](https://supabase.com/docs/guides/database/postgres/row-level-security#call-functions-with-select) for more info.,https://supabase.com/docs/guides/database/database-linter?lint=0003_auth_rls_initplan,"{""name"":""healthcare_books_catalogue"",""type"":""table"",""schema"":""public""}",auth_rls_init_plan_public_healthcare_books_catalogue_Admins can manage healthcare books
auth_rls_initplan,Auth RLS Initialization Plan,WARN,EXTERNAL,"[""PERFORMANCE""]",Detects if calls to \`current_setting()\` and \`auth.<function>()\` in RLS policies are being unnecessarily re-evaluated for each row,Table \`public.education_books_catalogue\` has a row level security policy \`Admins can manage education books\` that re-evaluates current_setting() or auth.<function>() for each row. This produces suboptimal query performance at scale. Resolve the issue by replacing \`auth.<function>()\` with \`(select auth.<function>())\`. See [docs](https://supabase.com/docs/guides/database/postgres/row-level-security#call-functions-with-select) for more info.,https://supabase.com/docs/guides/database/database-linter?lint=0003_auth_rls_initplan,"{""name"":""education_books_catalogue"",""type"":""table"",""schema"":""public""}",auth_rls_init_plan_public_education_books_catalogue_Admins can manage education books
auth_rls_initplan,Auth RLS Initialization Plan,WARN,EXTERNAL,"[""PERFORMANCE""]",Detects if calls to \`current_setting()\` and \`auth.<function>()\` in RLS policies are being unnecessarily re-evaluated for each row,Table \`public.personal_development_books_catalogue\` has a row level security policy \`Admins can manage personal development books\` that re-evaluates current_setting() or auth.<function>() for each row. This produces suboptimal query performance at scale. Resolve the issue by replacing \`auth.<function>()\` with \`(select auth.<function>())\`. See [docs](https://supabase.com/docs/guides/database/postgres/row-level-security#call-functions-with-select) for more info.,https://supabase.com/docs/guides/database/database-linter?lint=0003_auth_rls_initplan,"{""name"":""personal_development_books_catalogue"",""type"":""table"",""schema"":""public""}",auth_rls_init_plan_public_personal_development_books_catalogue_Admins can manage personal development books
auth_rls_initplan,Auth RLS Initialization Plan,WARN,EXTERNAL,"[""PERFORMANCE""]",Detects if calls to \`current_setting()\` and \`auth.<function>()\` in RLS policies are being unnecessarily re-evaluated for each row,Table \`public.startup_books_catalogue\` has a row level security policy \`Admins can manage startup books\` that re-evaluates current_setting() or auth.<function>() for each row. This produces suboptimal query performance at scale. Resolve the issue by replacing \`auth.<function>()\` with \`(select auth.<function>())\`. See [docs](https://supabase.com/docs/guides/database/postgres/row-level-security#call-functions-with-select) for more info.,https://supabase.com/docs/guides/database/database-linter?lint=0003_auth_rls_initplan,"{""name"":""startup_books_catalogue"",""type"":""table"",""schema"":""public""}",auth_rls_init_plan_public_startup_books_catalogue_Admins can manage startup books
auth_rls_initplan,Auth RLS Initialization Plan,WARN,EXTERNAL,"[""PERFORMANCE""]",Detects if calls to \`current_setting()\` and \`auth.<function>()\` in RLS policies are being unnecessarily re-evaluated for each row,Table \`public.politics_books_catalogue\` has a row level security policy \`Admins can manage politics books\` that re-evaluates current_setting() or auth.<function>() for each row. This produces suboptimal query performance at scale. Resolve the issue by replacing \`auth.<function>()\` with \`(select auth.<function>())\`. See [docs](https://supabase.com/docs/guides/database/postgres/row-level-security#call-functions-with-select) for more info.,https://supabase.com/docs/guides/database/database-linter?lint=0003_auth_rls_initplan,"{""name"":""politics_books_catalogue"",""type"":""table"",""schema"":""public""}",auth_rls_init_plan_public_politics_books_catalogue_Admins can manage politics books
auth_rls_initplan,Auth RLS Initialization Plan,WARN,EXTERNAL,"[""PERFORMANCE""]",Detects if calls to \`current_setting()\` and \`auth.<function>()\` in RLS policies are being unnecessarily re-evaluated for each row,Table \`public.science_books_catalogue\` has a row level security policy \`Admins can manage science books\` that re-evaluates current_setting() or auth.<function>() for each row. This produces suboptimal query performance at scale. Resolve the issue by replacing \`auth.<function>()\` with \`(select auth.<function>())\`. See [docs](https://supabase.com/docs/guides/database/postgres/row-level-security#call-functions-with-select) for more info.,https://supabase.com/docs/guides/database/database-linter?lint=0003_auth_rls_initplan,"{""name"":""science_books_catalogue"",""type"":""table"",""schema"":""public""}",auth_rls_init_plan_public_science_books_catalogue_Admins can manage science books
auth_rls_initplan,Auth RLS Initialization Plan,WARN,EXTERNAL,"[""PERFORMANCE""]",Detects if calls to \`current_setting()\` and \`auth.<function>()\` in RLS policies are being unnecessarily re-evaluated for each row,Table \`public.books_catalogue\` has a row level security policy \`Allow read access to books catalogue\` that re-evaluates current_setting() or auth.<function>() for each row. This produces suboptimal query performance at scale. Resolve the issue by replacing \`auth.<function>()\` with \`(select auth.<function>())\`. See [docs](https://supabase.com/docs/guides/database/postgres/row-level-security#call-functions-with-select) for more info.,https://supabase.com/docs/guides/database/database-linter?lint=0003_auth_rls_initplan,"{""name"":""books_catalogue"",""type"":""table"",""schema"":""public""}",auth_rls_init_plan_public_books_catalogue_Allow read access to books catalogue
multiple_permissive_policies,Multiple Permissive Policies,WARN,EXTERNAL,"[""PERFORMANCE""]",Detects if multiple permissive row level security policies are present on a table for the same \`role\` and \`action\` (e.g. insert). Multiple permissive policies are suboptimal for performance as each policy must be executed for every relevant query.,"Table \`public.achievements\` has multiple permissive policies for role \`anon\` for action \`SELECT\`. Policies include \`{""Anyone can view active achievements"",""Anyone can view secret achievements they've unlocked"",achievements_policy}\`",https://supabase.com/docs/guides/database/database-linter?lint=0006_multiple_permissive_policies,"{""name"":""achievements"",""type"":""table"",""schema"":""public""}",multiple_permissive_policies_public_achievements_anon_SELECT
multiple_permissive_policies,Multiple Permissive Policies,WARN,EXTERNAL,"[""PERFORMANCE""]",Detects if multiple permissive row level security policies are present on a table for the same \`role\` and \`action\` (e.g. insert). Multiple permissive policies are suboptimal for performance as each policy must be executed for every relevant query.,"Table \`public.book_likes\` has multiple permissive policies for role \`anon\` for action \`DELETE\`. Policies include \`{""Allow full access to own likes"",""Users can delete their own book likes""}\`",https://supabase.com/docs/guides/database/database-linter?lint=0006_multiple_permissive_policies,"{""name"":""book_likes"",""type"":""table"",""schema"":""public""}",multiple_permissive_policies_public_book_likes_anon_DELETE
multiple_permissive_policies,Multiple Permissive Policies,WARN,EXTERNAL,"[""PERFORMANCE""]",Detects if multiple permissive row level security policies are present on a table for the same \`role\` and \`action\` (e.g. insert). Multiple permissive policies are suboptimal for performance as each policy must be executed for every relevant query.,"Table \`public.book_likes\` has multiple permissive policies for role \`anon\` for action \`INSERT\`. Policies include \`{""Allow full access to own likes"",""Users can insert their own book likes""}\`",https://supabase.com/docs/guides/database/database-linter?lint=0006_multiple_permissive_policies,"{""name"":""book_likes"",""type"":""table"",""schema"":""public""}",multiple_permissive_policies_public_book_likes_anon_INSERT
multiple_permissive_policies,Multiple Permissive Policies,WARN,EXTERNAL,"[""PERFORMANCE""]",Detects if multiple permissive row level security policies are present on a table for the same \`role\` and \`action\` (e.g. insert). Multiple permissive policies are suboptimal for performance as each policy must be executed for every relevant query.,"Table \`public.book_likes\` has multiple permissive policies for role \`anon\` for action \`SELECT\`. Policies include \`{""Allow full access to own likes"",""Users can view their own book likes""}\`",https://supabase.com/docs/guides/database/database-linter?lint=0006_multiple_permissive_policies,"{""name"":""book_likes"",""type"":""table"",""schema"":""public""}",multiple_permissive_policies_public_book_likes_anon_SELECT
multiple_permissive_policies,Multiple Permissive Policies,WARN,EXTERNAL,"[""PERFORMANCE""]",Detects if multiple permissive row level security policies are present on a table for the same \`role\` and \`action\` (e.g. insert). Multiple permissive policies are suboptimal for performance as each policy must be executed for every relevant query.,"Table \`public.book_saves\` has multiple permissive policies for role \`anon\` for action \`DELETE\`. Policies include \`{""Allow full access to own saves"",""Users can delete their own book saves""}\`",https://supabase.com/docs/guides/database/database-linter?lint=0006_multiple_permissive_policies,"{""name"":""book_saves"",""type"":""table"",""schema"":""public""}",multiple_permissive_policies_public_book_saves_anon_DELETE
multiple_permissive_policies,Multiple Permissive Policies,WARN,EXTERNAL,"[""PERFORMANCE""]",Detects if multiple permissive row level security policies are present on a table for the same \`role\` and \`action\` (e.g. insert). Multiple permissive policies are suboptimal for performance as each policy must be executed for every relevant query.,"Table \`public.book_saves\` has multiple permissive policies for role \`anon\` for action \`INSERT\`. Policies include \`{""Allow full access to own saves"",""Users can insert their own book saves""}\`",https://supabase.com/docs/guides/database/database-linter?lint=0006_multiple_permissive_policies,"{""name"":""book_saves"",""type"":""table"",""schema"":""public""}",multiple_permissive_policies_public_book_saves_anon_INSERT
multiple_permissive_policies,Multiple Permissive Policies,WARN,EXTERNAL,"[""PERFORMANCE""]",Detects if multiple permissive row level security policies are present on a table for the same \`role\` and \`action\` (e.g. insert). Multiple permissive policies are suboptimal for performance as each policy must be executed for every relevant query.,"Table \`public.book_saves\` has multiple permissive policies for role \`anon\` for action \`SELECT\`. Policies include \`{""Allow full access to own saves"",""Users can view their own book saves""}\`",https://supabase.com/docs/guides/database/database-linter?lint=0006_multiple_permissive_policies,"{""name"":""book_saves"",""type"":""table"",""schema"":""public""}",multiple_permissive_policies_public_book_saves_anon_SELECT
multiple_permissive_policies,Multiple Permissive Policies,WARN,EXTERNAL,"[""PERFORMANCE""]",Detects if multiple permissive row level security policies are present on a table for the same \`role\` and \`action\` (e.g. insert). Multiple permissive policies are suboptimal for performance as each policy must be executed for every relevant query.,"Table \`public.books\` has multiple permissive policies for role \`anon\` for action \`SELECT\`. Policies include \`{""Books are viewable by everyone"",books_read_policy}\`",https://supabase.com/docs/guides/database/database-linter?lint=0006_multiple_permissive_policies,"{""name"":""books"",""type"":""table"",""schema"":""public""}",multiple_permissive_policies_public_books_anon_SELECT
multiple_permissive_policies,Multiple Permissive Policies,WARN,EXTERNAL,"[""PERFORMANCE""]",Detects if multiple permissive row level security policies are present on a table for the same \`role\` and \`action\` (e.g. insert). Multiple permissive policies are suboptimal for performance as each policy must be executed for every relevant query.,"Table \`public.books_catalogue\` has multiple permissive policies for role \`anon\` for action \`SELECT\`. Policies include \`{""Allow read access to books catalogue"",books_catalogue_policy}\`",https://supabase.com/docs/guides/database/database-linter?lint=0006_multiple_permissive_policies,"{""name"":""books_catalogue"",""type"":""table"",""schema"":""public""}",multiple_permissive_policies_public_books_catalogue_anon_SELECT
multiple_permissive_policies,Multiple Permissive Policies,WARN,EXTERNAL,"[""PERFORMANCE""]",Detects if multiple permissive row level security policies are present on a table for the same \`role\` and \`action\` (e.g. insert). Multiple permissive policies are suboptimal for performance as each policy must be executed for every relevant query.,"Table \`public.companies\` has multiple permissive policies for role \`anon\` for action \`SELECT\`. Policies include \`{""Public read access"",companies_read_policy}\`",https://supabase.com/docs/guides/database/database-linter?lint=0006_multiple_permissive_policies,"{""name"":""companies"",""type"":""table"",""schema"":""public""}",multiple_permissive_policies_public_companies_anon_SELECT
multiple_permissive_policies,Multiple Permissive Policies,WARN,EXTERNAL,"[""PERFORMANCE""]",Detects if multiple permissive row level security policies are present on a table for the same \`role\` and \`action\` (e.g. insert). Multiple permissive policies are suboptimal for performance as each policy must be executed for every relevant query.,"Table \`public.content_views\` has multiple permissive policies for role \`anon\` for action \`INSERT\`. Policies include \`{""Allow full access to own views"",""Users can insert their own views""}\`",https://supabase.com/docs/guides/database/database-linter?lint=0006_multiple_permissive_policies,"{""name"":""content_views"",""type"":""table"",""schema"":""public""}",multiple_permissive_policies_public_content_views_anon_INSERT
multiple_permissive_policies,Multiple Permissive Policies,WARN,EXTERNAL,"[""PERFORMANCE""]",Detects if multiple permissive row level security policies are present on a table for the same \`role\` and \`action\` (e.g. insert). Multiple permissive policies are suboptimal for performance as each policy must be executed for every relevant query.,"Table \`public.content_views\` has multiple permissive policies for role \`anon\` for action \`SELECT\`. Policies include \`{""Allow full access to own views"",""Users can view their own views""}\`",https://supabase.com/docs/guides/database/database-linter?lint=0006_multiple_permissive_policies,"{""name"":""content_views"",""type"":""table"",""schema"":""public""}",multiple_permissive_policies_public_content_views_anon_SELECT
multiple_permissive_policies,Multiple Permissive Policies,WARN,EXTERNAL,"[""PERFORMANCE""]",Detects if multiple permissive row level security policies are present on a table for the same \`role\` and \`action\` (e.g. insert). Multiple permissive policies are suboptimal for performance as each policy must be executed for every relevant query.,"Table \`public.degrees\` has multiple permissive policies for role \`anon\` for action \`SELECT\`. Policies include \`{""Public read access"",degrees_read_policy}\`",https://supabase.com/docs/guides/database/database-linter?lint=0006_multiple_permissive_policies,"{""name"":""degrees"",""type"":""table"",""schema"":""public""}",multiple_permissive_policies_public_degrees_anon_SELECT
multiple_permissive_policies,Multiple Permissive Policies,WARN,EXTERNAL,"[""PERFORMANCE""]",Detects if multiple permissive row level security policies are present on a table for the same \`role\` and \`action\` (e.g. insert). Multiple permissive policies are suboptimal for performance as each policy must be executed for every relevant query.,"Table \`public.learning_sessions\` has multiple permissive policies for role \`anon\` for action \`DELETE\`. Policies include \`{""Allow full access to own sessions"",""Users can manage their own learning sessions""}\`",https://supabase.com/docs/guides/database/database-linter?lint=0006_multiple_permissive_policies,"{""name"":""learning_sessions"",""type"":""table"",""schema"":""public""}",multiple_permissive_policies_public_learning_sessions_anon_DELETE
multiple_permissive_policies,Multiple Permissive Policies,WARN,EXTERNAL,"[""PERFORMANCE""]",Detects if multiple permissive row level security policies are present on a table for the same \`role\` and \`action\` (e.g. insert). Multiple permissive policies are suboptimal for performance as each policy must be executed for every relevant query.,"Table \`public.learning_sessions\` has multiple permissive policies for role \`anon\` for action \`INSERT\`. Policies include \`{""Allow full access to own sessions"",""Users can manage their own learning sessions""}\`",https://supabase.com/docs/guides/database/database-linter?lint=0006_multiple_permissive_policies,"{""name"":""learning_sessions"",""type"":""table"",""schema"":""public""}",multiple_permissive_policies_public_learning_sessions_anon_INSERT
multiple_permissive_policies,Multiple Permissive Policies,WARN,EXTERNAL,"[""PERFORMANCE""]",Detects if multiple permissive row level security policies are present on a table for the same \`role\` and \`action\` (e.g. insert). Multiple permissive policies are suboptimal for performance as each policy must be executed for every relevant query.,"Table \`public.learning_sessions\` has multiple permissive policies for role \`anon\` for action \`SELECT\`. Policies include \`{""Allow full access to own sessions"",""Users can manage their own learning sessions"",""Users can view their own learning sessions""}\`",https://supabase.com/docs/guides/database/database-linter?lint=0006_multiple_permissive_policies,"{""name"":""learning_sessions"",""type"":""table"",""schema"":""public""}",multiple_permissive_policies_public_learning_sessions_anon_SELECT
multiple_permissive_policies,Multiple Permissive Policies,WARN,EXTERNAL,"[""PERFORMANCE""]",Detects if multiple permissive row level security policies are present on a table for the same \`role\` and \`action\` (e.g. insert). Multiple permissive policies are suboptimal for performance as each policy must be executed for every relevant query.,"Table \`public.learning_sessions\` has multiple permissive policies for role \`anon\` for action \`UPDATE\`. Policies include \`{""Allow full access to own sessions"",""Users can manage their own learning sessions""}\`",https://supabase.com/docs/guides/database/database-linter?lint=0006_multiple_permissive_policies,"{""name"":""learning_sessions"",""type"":""table"",""schema"":""public""}",multiple_permissive_policies_public_learning_sessions_anon_UPDATE
multiple_permissive_policies,Multiple Permissive Policies,WARN,EXTERNAL,"[""PERFORMANCE""]",Detects if multiple permissive row level security policies are present on a table for the same \`role\` and \`action\` (e.g. insert). Multiple permissive policies are suboptimal for performance as each policy must be executed for every relevant query.,"Table \`public.paper_saves\` has multiple permissive policies for role \`anon\` for action \`DELETE\`. Policies include \`{""Allow full access to own saves"",""Users can delete their own paper saves""}\`",https://supabase.com/docs/guides/database/database-linter?lint=0006_multiple_permissive_policies,"{""name"":""paper_saves"",""type"":""table"",""schema"":""public""}",multiple_permissive_policies_public_paper_saves_anon_DELETE
multiple_permissive_policies,Multiple Permissive Policies,WARN,EXTERNAL,"[""PERFORMANCE""]",Detects if multiple permissive row level security policies are present on a table for the same \`role\` and \`action\` (e.g. insert). Multiple permissive policies are suboptimal for performance as each policy must be executed for every relevant query.,"Table \`public.paper_saves\` has multiple permissive policies for role \`anon\` for action \`INSERT\`. Policies include \`{""Allow full access to own saves"",""Users can insert their own paper saves""}\`",https://supabase.com/docs/guides/database/database-linter?lint=0006_multiple_permissive_policies,"{""name"":""paper_saves"",""type"":""table"",""schema"":""public""}",multiple_permissive_policies_public_paper_saves_anon_INSERT
multiple_permissive_policies,Multiple Permissive Policies,WARN,EXTERNAL,"[""PERFORMANCE""]",Detects if multiple permissive row level security policies are present on a table for the same \`role\` and \`action\` (e.g. insert). Multiple permissive policies are suboptimal for performance as each policy must be executed for every relevant query.,"Table \`public.paper_saves\` has multiple permissive policies for role \`anon\` for action \`SELECT\`. Policies include \`{""Allow full access to own saves"",""Users can view their own paper saves""}\`",https://supabase.com/docs/guides/database/database-linter?lint=0006_multiple_permissive_policies,"{""name"":""paper_saves"",""type"":""table"",""schema"":""public""}",multiple_permissive_policies_public_paper_saves_anon_SELECT
multiple_permissive_policies,Multiple Permissive Policies,WARN,EXTERNAL,"[""PERFORMANCE""]",Detects if multiple permissive row level security policies are present on a table for the same \`role\` and \`action\` (e.g. insert). Multiple permissive policies are suboptimal for performance as each policy must be executed for every relevant query.,"Table \`public.papers\` has multiple permissive policies for role \`anon\` for action \`SELECT\`. Policies include \`{""Papers are viewable by everyone"",papers_read_policy}\`",https://supabase.com/docs/guides/database/database-linter?lint=0006_multiple_permissive_policies,"{""name"":""papers"",""type"":""table"",""schema"":""public""}",multiple_permissive_policies_public_papers_anon_SELECT
multiple_permissive_policies,Multiple Permissive Policies,WARN,EXTERNAL,"[""PERFORMANCE""]",Detects if multiple permissive row level security policies are present on a table for the same \`role\` and \`action\` (e.g. insert). Multiple permissive policies are suboptimal for performance as each policy must be executed for every relevant query.,"Table \`public.profile_sections\` has multiple permissive policies for role \`anon\` for action \`SELECT\`. Policies include \`{""Users can manage their own profile sections"",""Users can view others' profile sections""}\`",https://supabase.com/docs/guides/database/database-linter?lint=0006_multiple_permissive_policies,"{""name"":""profile_sections"",""type"":""table"",""schema"":""public""}",multiple_permissive_policies_public_profile_sections_anon_SELECT
multiple_permissive_policies,Multiple Permissive Policies,WARN,EXTERNAL,"[""PERFORMANCE""]",Detects if multiple permissive row level security policies are present on a table for the same \`role\` and \`action\` (e.g. insert). Multiple permissive policies are suboptimal for performance as each policy must be executed for every relevant query.,"Table \`public.universities\` has multiple permissive policies for role \`anon\` for action \`SELECT\`. Policies include \`{""Public read access"",universities_read_policy}\`",https://supabase.com/docs/guides/database/database-linter?lint=0006_multiple_permissive_policies,"{""name"":""universities"",""type"":""table"",""schema"":""public""}",multiple_permissive_policies_public_universities_anon_SELECT
multiple_permissive_policies,Multiple Permissive Policies,WARN,EXTERNAL,"[""PERFORMANCE""]",Detects if multiple permissive row level security policies are present on a table for the same \`role\` and \`action\` (e.g. insert). Multiple permissive policies are suboptimal for performance as each policy must be executed for every relevant query.,"Table \`public.user_achievement_progress\` has multiple permissive policies for role \`anon\` for action \`SELECT\`. Policies include \`{""System can manage achievement progress"",""Users can view their own achievement progress""}\`",https://supabase.com/docs/guides/database/database-linter?lint=0006_multiple_permissive_policies,"{""name"":""user_achievement_progress"",""type"":""table"",""schema"":""public""}",multiple_permissive_policies_public_user_achievement_progress_anon_SELECT
multiple_permissive_policies,Multiple Permissive Policies,WARN,EXTERNAL,"[""PERFORMANCE""]",Detects if multiple permissive row level security policies are present on a table for the same \`role\` and \`action\` (e.g. insert). Multiple permissive policies are suboptimal for performance as each policy must be executed for every relevant query.,"Table \`public.user_achievements\` has multiple permissive policies for role \`anon\` for action \`SELECT\`. Policies include \`{""Users can view others' achievements"",""Users can view their own achievements""}\`",https://supabase.com/docs/guides/database/database-linter?lint=0006_multiple_permissive_policies,"{""name"":""user_achievements"",""type"":""table"",""schema"":""public""}",multiple_permissive_policies_public_user_achievements_anon_SELECT
multiple_permissive_policies,Multiple Permissive Policies,WARN,EXTERNAL,"[""PERFORMANCE""]",Detects if multiple permissive row level security policies are present on a table for the same \`role\` and \`action\` (e.g. insert). Multiple permissive policies are suboptimal for performance as each policy must be executed for every relevant query.,"Table \`public.user_certifications\` has multiple permissive policies for role \`anon\` for action \`SELECT\`. Policies include \`{""Users can manage their own certifications"",""Users can view their own certifications""}\`",https://supabase.com/docs/guides/database/database-linter?lint=0006_multiple_permissive_policies,"{""name"":""user_certifications"",""type"":""table"",""schema"":""public""}",multiple_permissive_policies_public_user_certifications_anon_SELECT
multiple_permissive_policies,Multiple Permissive Policies,WARN,EXTERNAL,"[""PERFORMANCE""]",Detects if multiple permissive row level security policies are present on a table for the same \`role\` and \`action\` (e.g. insert). Multiple permissive policies are suboptimal for performance as each policy must be executed for every relevant query.,"Table \`public.user_content_interactions\` has multiple permissive policies for role \`anon\` for action \`DELETE\`. Policies include \`{""Allow full access to own interactions"",""Users can manage their own interactions""}\`",https://supabase.com/docs/guides/database/database-linter?lint=0006_multiple_permissive_policies,"{""name"":""user_content_interactions"",""type"":""table"",""schema"":""public""}",multiple_permissive_policies_public_user_content_interactions_anon_DELETE
multiple_permissive_policies,Multiple Permissive Policies,WARN,EXTERNAL,"[""PERFORMANCE""]",Detects if multiple permissive row level security policies are present on a table for the same \`role\` and \`action\` (e.g. insert). Multiple permissive policies are suboptimal for performance as each policy must be executed for every relevant query.,"Table \`public.user_content_interactions\` has multiple permissive policies for role \`anon\` for action \`INSERT\`. Policies include \`{""Allow full access to own interactions"",""Users can manage their own interactions""}\`",https://supabase.com/docs/guides/database/database-linter?lint=0006_multiple_permissive_policies,"{""name"":""user_content_interactions"",""type"":""table"",""schema"":""public""}",multiple_permissive_policies_public_user_content_interactions_anon_INSERT
multiple_permissive_policies,Multiple Permissive Policies,WARN,EXTERNAL,"[""PERFORMANCE""]",Detects if multiple permissive row level security policies are present on a table for the same \`role\` and \`action\` (e.g. insert). Multiple permissive policies are suboptimal for performance as each policy must be executed for every relevant query.,"Table \`public.user_content_interactions\` has multiple permissive policies for role \`anon\` for action \`SELECT\`. Policies include \`{""Allow full access to own interactions"",""Users can manage their own interactions"",""Users can view their own interactions""}\`",https://supabase.com/docs/guides/database/database-linter?lint=0006_multiple_permissive_policies,"{""name"":""user_content_interactions"",""type"":""table"",""schema"":""public""}",multiple_permissive_policies_public_user_content_interactions_anon_SELECT
multiple_permissive_policies,Multiple Permissive Policies,WARN,EXTERNAL,"[""PERFORMANCE""]",Detects if multiple permissive row level security policies are present on a table for the same \`role\` and \`action\` (e.g. insert). Multiple permissive policies are suboptimal for performance as each policy must be executed for every relevant query.,"Table \`public.user_content_interactions\` has multiple permissive policies for role \`anon\` for action \`UPDATE\`. Policies include \`{""Allow full access to own interactions"",""Users can manage their own interactions""}\`",https://supabase.com/docs/guides/database/database-linter?lint=0006_multiple_permissive_policies,"{""name"":""user_content_interactions"",""type"":""table"",""schema"":""public""}",multiple_permissive_policies_public_user_content_interactions_anon_UPDATE
multiple_permissive_policies,Multiple Permissive Policies,WARN,EXTERNAL,"[""PERFORMANCE""]",Detects if multiple permissive row level security policies are present on a table for the same \`role\` and \`action\` (e.g. insert). Multiple permissive policies are suboptimal for performance as each policy must be executed for every relevant query.,"Table \`public.user_languages\` has multiple permissive policies for role \`anon\` for action \`SELECT\`. Policies include \`{""Public can view languages"",""Users can manage their own languages""}\`",https://supabase.com/docs/guides/database/database-linter?lint=0006_multiple_permissive_policies,"{""name"":""user_languages"",""type"":""table"",""schema"":""public""}",multiple_permissive_policies_public_user_languages_anon_SELECT
multiple_permissive_policies,Multiple Permissive Policies,WARN,EXTERNAL,"[""PERFORMANCE""]",Detects if multiple permissive row level security policies are present on a table for the same \`role\` and \`action\` (e.g. insert). Multiple permissive policies are suboptimal for performance as each policy must be executed for every relevant query.,"Table \`public.user_learning_analytics\` has multiple permissive policies for role \`anon\` for action \`SELECT\`. Policies include \`{""System can update analytics"",""Users can view their own analytics""}\`",https://supabase.com/docs/guides/database/database-linter?lint=0006_multiple_permissive_policies,"{""name"":""user_learning_analytics"",""type"":""table"",""schema"":""public""}",multiple_permissive_policies_public_user_learning_analytics_anon_SELECT
multiple_permissive_policies,Multiple Permissive Policies,WARN,EXTERNAL,"[""PERFORMANCE""]",Detects if multiple permissive row level security policies are present on a table for the same \`role\` and \`action\` (e.g. insert). Multiple permissive policies are suboptimal for performance as each policy must be executed for every relevant query.,"Table \`public.user_learning_goals\` has multiple permissive policies for role \`anon\` for action \`SELECT\`. Policies include \`{""Users can manage their own learning goals"",""Users can view their own learning goals""}\`",https://supabase.com/docs/guides/database/database-linter?lint=0006_multiple_permissive_policies,"{""name"":""user_learning_goals"",""type"":""table"",""schema"":""public""}",multiple_permissive_policies_public_user_learning_goals_anon_SELECT
multiple_permissive_policies,Multiple Permissive Policies,WARN,EXTERNAL,"[""PERFORMANCE""]",Detects if multiple permissive row level security policies are present on a table for the same \`role\` and \`action\` (e.g. insert). Multiple permissive policies are suboptimal for performance as each policy must be executed for every relevant query.,"Table \`public.user_publications\` has multiple permissive policies for role \`anon\` for action \`SELECT\`. Policies include \`{""Public can view publications"",""Users can manage their own publications""}\`",https://supabase.com/docs/guides/database/database-linter?lint=0006_multiple_permissive_policies,"{""name"":""user_publications"",""type"":""table"",""schema"":""public""}",multiple_permissive_policies_public_user_publications_anon_SELECT
multiple_permissive_policies,Multiple Permissive Policies,WARN,EXTERNAL,"[""PERFORMANCE""]",Detects if multiple permissive row level security policies are present on a table for the same \`role\` and \`action\` (e.g. insert). Multiple permissive policies are suboptimal for performance as each policy must be executed for every relevant query.,"Table \`public.user_skills\` has multiple permissive policies for role \`anon\` for action \`SELECT\`. Policies include \`{""Public can view skills"",""Users can manage their own skills"",""Users can view their own skills""}\`",https://supabase.com/docs/guides/database/database-linter?lint=0006_multiple_permissive_policies,"{""name"":""user_skills"",""type"":""table"",""schema"":""public""}",multiple_permissive_policies_public_user_skills_anon_SELECT
multiple_permissive_policies,Multiple Permissive Policies,WARN,EXTERNAL,"[""PERFORMANCE""]",Detects if multiple permissive row level security policies are present on a table for the same \`role\` and \`action\` (e.g. insert). Multiple permissive policies are suboptimal for performance as each policy must be executed for every relevant query.,"Table \`public.achievements\` has multiple permissive policies for role \`authenticated\` for action \`SELECT\`. Policies include \`{""Anyone can view active achievements"",""Anyone can view secret achievements they've unlocked"",achievements_policy}\`",https://supabase.com/docs/guides/database/database-linter?lint=0006_multiple_permissive_policies,"{""name"":""achievements"",""type"":""table"",""schema"":""public""}",multiple_permissive_policies_public_achievements_authenticated_SELECT
multiple_permissive_policies,Multiple Permissive Policies,WARN,EXTERNAL,"[""PERFORMANCE""]",Detects if multiple permissive row level security policies are present on a table for the same \`role\` and \`action\` (e.g. insert). Multiple permissive policies are suboptimal for performance as each policy must be executed for every relevant query.,"Table \`public.article_comment_likes\` has multiple permissive policies for role \`authenticated\` for action \`DELETE\`. Policies include \`{""Users can manage own article comment likes"",article_comment_likes_policy}\`",https://supabase.com/docs/guides/database/database-linter?lint=0006_multiple_permissive_policies,"{""name"":""article_comment_likes"",""type"":""table"",""schema"":""public""}",multiple_permissive_policies_public_article_comment_likes_authenticated_DELETE
multiple_permissive_policies,Multiple Permissive Policies,WARN,EXTERNAL,"[""PERFORMANCE""]",Detects if multiple permissive row level security policies are present on a table for the same \`role\` and \`action\` (e.g. insert). Multiple permissive policies are suboptimal for performance as each policy must be executed for every relevant query.,"Table \`public.article_comment_likes\` has multiple permissive policies for role \`authenticated\` for action \`INSERT\`. Policies include \`{""Users can manage own article comment likes"",article_comment_likes_policy}\`",https://supabase.com/docs/guides/database/database-linter?lint=0006_multiple_permissive_policies,"{""name"":""article_comment_likes"",""type"":""table"",""schema"":""public""}",multiple_permissive_policies_public_article_comment_likes_authenticated_INSERT
multiple_permissive_policies,Multiple Permissive Policies,WARN,EXTERNAL,"[""PERFORMANCE""]",Detects if multiple permissive row level security policies are present on a table for the same \`role\` and \`action\` (e.g. insert). Multiple permissive policies are suboptimal for performance as each policy must be executed for every relevant query.,"Table \`public.article_comment_likes\` has multiple permissive policies for role \`authenticated\` for action \`SELECT\`. Policies include \`{""Article comment likes are publicly readable"",""Users can manage own article comment likes"",article_comment_likes_policy}\`",https://supabase.com/docs/guides/database/database-linter?lint=0006_multiple_permissive_policies,"{""name"":""article_comment_likes"",""type"":""table"",""schema"":""public""}",multiple_permissive_policies_public_article_comment_likes_authenticated_SELECT
multiple_permissive_policies,Multiple Permissive Policies,WARN,EXTERNAL,"[""PERFORMANCE""]",Detects if multiple permissive row level security policies are present on a table for the same \`role\` and \`action\` (e.g. insert). Multiple permissive policies are suboptimal for performance as each policy must be executed for every relevant query.,"Table \`public.article_comment_likes\` has multiple permissive policies for role \`authenticated\` for action \`UPDATE\`. Policies include \`{""Users can manage own article comment likes"",article_comment_likes_policy}\`",https://supabase.com/docs/guides/database/database-linter?lint=0006_multiple_permissive_policies,"{""name"":""article_comment_likes"",""type"":""table"",""schema"":""public""}",multiple_permissive_policies_public_article_comment_likes_authenticated_UPDATE
multiple_permissive_policies,Multiple Permissive Policies,WARN,EXTERNAL,"[""PERFORMANCE""]",Detects if multiple permissive row level security policies are present on a table for the same \`role\` and \`action\` (e.g. insert). Multiple permissive policies are suboptimal for performance as each policy must be executed for every relevant query.,"Table \`public.article_views_enhanced\` has multiple permissive policies for role \`authenticated\` for action \`INSERT\`. Policies include \`{""Users can create own enhanced article views"",article_views_enhanced_policy}\`",https://supabase.com/docs/guides/database/database-linter?lint=0006_multiple_permissive_policies,"{""name"":""article_views_enhanced"",""type"":""table"",""schema"":""public""}",multiple_permissive_policies_public_article_views_enhanced_authenticated_INSERT
multiple_permissive_policies,Multiple Permissive Policies,WARN,EXTERNAL,"[""PERFORMANCE""]",Detects if multiple permissive row level security policies are present on a table for the same \`role\` and \`action\` (e.g. insert). Multiple permissive policies are suboptimal for performance as each policy must be executed for every relevant query.,"Table \`public.article_views_enhanced\` has multiple permissive policies for role \`authenticated\` for action \`SELECT\`. Policies include \`{""Enhanced article views are publicly readable"",article_views_enhanced_policy}\`",https://supabase.com/docs/guides/database/database-linter?lint=0006_multiple_permissive_policies,"{""name"":""article_views_enhanced"",""type"":""table"",""schema"":""public""}",multiple_permissive_policies_public_article_views_enhanced_authenticated_SELECT
multiple_permissive_policies,Multiple Permissive Policies,WARN,EXTERNAL,"[""PERFORMANCE""]",Detects if multiple permissive row level security policies are present on a table for the same \`role\` and \`action\` (e.g. insert). Multiple permissive policies are suboptimal for performance as each policy must be executed for every relevant query.,"Table \`public.book_comment_likes\` has multiple permissive policies for role \`authenticated\` for action \`DELETE\`. Policies include \`{""Users can manage own book comment likes"",book_comment_likes_policy}\`",https://supabase.com/docs/guides/database/database-linter?lint=0006_multiple_permissive_policies,"{""name"":""book_comment_likes"",""type"":""table"",""schema"":""public""}",multiple_permissive_policies_public_book_comment_likes_authenticated_DELETE
multiple_permissive_policies,Multiple Permissive Policies,WARN,EXTERNAL,"[""PERFORMANCE""]",Detects if multiple permissive row level security policies are present on a table for the same \`role\` and \`action\` (e.g. insert). Multiple permissive policies are suboptimal for performance as each policy must be executed for every relevant query.,"Table \`public.book_comment_likes\` has multiple permissive policies for role \`authenticated\` for action \`INSERT\`. Policies include \`{""Users can manage own book comment likes"",book_comment_likes_policy}\`",https://supabase.com/docs/guides/database/database-linter?lint=0006_multiple_permissive_policies,"{""name"":""book_comment_likes"",""type"":""table"",""schema"":""public""}",multiple_permissive_policies_public_book_comment_likes_authenticated_INSERT
multiple_permissive_policies,Multiple Permissive Policies,WARN,EXTERNAL,"[""PERFORMANCE""]",Detects if multiple permissive row level security policies are present on a table for the same \`role\` and \`action\` (e.g. insert). Multiple permissive policies are suboptimal for performance as each policy must be executed for every relevant query.,"Table \`public.book_comment_likes\` has multiple permissive policies for role \`authenticated\` for action \`SELECT\`. Policies include \`{""Book comment likes are publicly readable"",""Users can manage own book comment likes"",book_comment_likes_policy}\`",https://supabase.com/docs/guides/database/database-linter?lint=0006_multiple_permissive_policies,"{""name"":""book_comment_likes"",""type"":""table"",""schema"":""public""}",multiple_permissive_policies_public_book_comment_likes_authenticated_SELECT
multiple_permissive_policies,Multiple Permissive Policies,WARN,EXTERNAL,"[""PERFORMANCE""]",Detects if multiple permissive row level security policies are present on a table for the same \`role\` and \`action\` (e.g. insert). Multiple permissive policies are suboptimal for performance as each policy must be executed for every relevant query.,"Table \`public.book_comment_likes\` has multiple permissive policies for role \`authenticated\` for action \`UPDATE\`. Policies include \`{""Users can manage own book comment likes"",book_comment_likes_policy}\`",https://supabase.com/docs/guides/database/database-linter?lint=0006_multiple_permissive_policies,"{""name"":""book_comment_likes"",""type"":""table"",""schema"":""public""}",multiple_permissive_policies_public_book_comment_likes_authenticated_UPDATE
multiple_permissive_policies,Multiple Permissive Policies,WARN,EXTERNAL,"[""PERFORMANCE""]",Detects if multiple permissive row level security policies are present on a table for the same \`role\` and \`action\` (e.g. insert). Multiple permissive policies are suboptimal for performance as each policy must be executed for every relevant query.,"Table \`public.book_comments\` has multiple permissive policies for role \`authenticated\` for action \`DELETE\`. Policies include \`{""Users can delete own book comments"",""Users can delete their own book comments"",book_comments_policy}\`",https://supabase.com/docs/guides/database/database-linter?lint=0006_multiple_permissive_policies,"{""name"":""book_comments"",""type"":""table"",""schema"":""public""}",multiple_permissive_policies_public_book_comments_authenticated_DELETE
multiple_permissive_policies,Multiple Permissive Policies,WARN,EXTERNAL,"[""PERFORMANCE""]",Detects if multiple permissive row level security policies are present on a table for the same \`role\` and \`action\` (e.g. insert). Multiple permissive policies are suboptimal for performance as each policy must be executed for every relevant query.,"Table \`public.book_comments\` has multiple permissive policies for role \`authenticated\` for action \`INSERT\`. Policies include \`{""Users can insert their own book comments"",book_comments_policy}\`",https://supabase.com/docs/guides/database/database-linter?lint=0006_multiple_permissive_policies,"{""name"":""book_comments"",""type"":""table"",""schema"":""public""}",multiple_permissive_policies_public_book_comments_authenticated_INSERT
multiple_permissive_policies,Multiple Permissive Policies,WARN,EXTERNAL,"[""PERFORMANCE""]",Detects if multiple permissive row level security policies are present on a table for the same \`role\` and \`action\` (e.g. insert). Multiple permissive policies are suboptimal for performance as each policy must be executed for every relevant query.,"Table \`public.book_comments\` has multiple permissive policies for role \`authenticated\` for action \`SELECT\`. Policies include \`{""Book comments are viewable by everyone"",book_comments_policy}\`",https://supabase.com/docs/guides/database/database-linter?lint=0006_multiple_permissive_policies,"{""name"":""book_comments"",""type"":""table"",""schema"":""public""}",multiple_permissive_policies_public_book_comments_authenticated_SELECT
multiple_permissive_policies,Multiple Permissive Policies,WARN,EXTERNAL,"[""PERFORMANCE""]",Detects if multiple permissive row level security policies are present on a table for the same \`role\` and \`action\` (e.g. insert). Multiple permissive policies are suboptimal for performance as each policy must be executed for every relevant query.,"Table \`public.book_comments\` has multiple permissive policies for role \`authenticated\` for action \`UPDATE\`. Policies include \`{""Users can update own book comments"",book_comments_policy}\`",https://supabase.com/docs/guides/database/database-linter?lint=0006_multiple_permissive_policies,"{""name"":""book_comments"",""type"":""table"",""schema"":""public""}",multiple_permissive_policies_public_book_comments_authenticated_UPDATE
multiple_permissive_policies,Multiple Permissive Policies,WARN,EXTERNAL,"[""PERFORMANCE""]",Detects if multiple permissive row level security policies are present on a table for the same \`role\` and \`action\` (e.g. insert). Multiple permissive policies are suboptimal for performance as each policy must be executed for every relevant query.,"Table \`public.book_likes\` has multiple permissive policies for role \`authenticated\` for action \`DELETE\`. Policies include \`{""Allow full access to own likes"",""Users can delete their own book likes"",book_likes_policy}\`",https://supabase.com/docs/guides/database/database-linter?lint=0006_multiple_permissive_policies,"{""name"":""book_likes"",""type"":""table"",""schema"":""public""}",multiple_permissive_policies_public_book_likes_authenticated_DELETE
multiple_permissive_policies,Multiple Permissive Policies,WARN,EXTERNAL,"[""PERFORMANCE""]",Detects if multiple permissive row level security policies are present on a table for the same \`role\` and \`action\` (e.g. insert). Multiple permissive policies are suboptimal for performance as each policy must be executed for every relevant query.,"Table \`public.book_likes\` has multiple permissive policies for role \`authenticated\` for action \`INSERT\`. Policies include \`{""Allow full access to own likes"",""Users can insert their own book likes"",book_likes_policy}\`",https://supabase.com/docs/guides/database/database-linter?lint=0006_multiple_permissive_policies,"{""name"":""book_likes"",""type"":""table"",""schema"":""public""}",multiple_permissive_policies_public_book_likes_authenticated_INSERT
multiple_permissive_policies,Multiple Permissive Policies,WARN,EXTERNAL,"[""PERFORMANCE""]",Detects if multiple permissive row level security policies are present on a table for the same \`role\` and \`action\` (e.g. insert). Multiple permissive policies are suboptimal for performance as each policy must be executed for every relevant query.,"Table \`public.book_likes\` has multiple permissive policies for role \`authenticated\` for action \`SELECT\`. Policies include \`{""Allow full access to own likes"",""Users can view their own book likes"",book_likes_policy}\`",https://supabase.com/docs/guides/database/database-linter?lint=0006_multiple_permissive_policies,"{""name"":""book_likes"",""type"":""table"",""schema"":""public""}",multiple_permissive_policies_public_book_likes_authenticated_SELECT
multiple_permissive_policies,Multiple Permissive Policies,WARN,EXTERNAL,"[""PERFORMANCE""]",Detects if multiple permissive row level security policies are present on a table for the same \`role\` and \`action\` (e.g. insert). Multiple permissive policies are suboptimal for performance as each policy must be executed for every relevant query.,"Table \`public.book_likes\` has multiple permissive policies for role \`authenticated\` for action \`UPDATE\`. Policies include \`{""Allow full access to own likes"",book_likes_policy}\`",https://supabase.com/docs/guides/database/database-linter?lint=0006_multiple_permissive_policies,"{""name"":""book_likes"",""type"":""table"",""schema"":""public""}",multiple_permissive_policies_public_book_likes_authenticated_UPDATE
multiple_permissive_policies,Multiple Permissive Policies,WARN,EXTERNAL,"[""PERFORMANCE""]",Detects if multiple permissive row level security policies are present on a table for the same \`role\` and \`action\` (e.g. insert). Multiple permissive policies are suboptimal for performance as each policy must be executed for every relevant query.,"Table \`public.book_saves\` has multiple permissive policies for role \`authenticated\` for action \`DELETE\`. Policies include \`{""Allow full access to own saves"",""Users can delete their own book saves"",book_saves_policy}\`",https://supabase.com/docs/guides/database/database-linter?lint=0006_multiple_permissive_policies,"{""name"":""book_saves"",""type"":""table"",""schema"":""public""}",multiple_permissive_policies_public_book_saves_authenticated_DELETE
multiple_permissive_policies,Multiple Permissive Policies,WARN,EXTERNAL,"[""PERFORMANCE""]",Detects if multiple permissive row level security policies are present on a table for the same \`role\` and \`action\` (e.g. insert). Multiple permissive policies are suboptimal for performance as each policy must be executed for every relevant query.,"Table \`public.book_saves\` has multiple permissive policies for role \`authenticated\` for action \`INSERT\`. Policies include \`{""Allow full access to own saves"",""Users can insert their own book saves"",book_saves_policy}\`",https://supabase.com/docs/guides/database/database-linter?lint=0006_multiple_permissive_policies,"{""name"":""book_saves"",""type"":""table"",""schema"":""public""}",multiple_permissive_policies_public_book_saves_authenticated_INSERT
multiple_permissive_policies,Multiple Permissive Policies,WARN,EXTERNAL,"[""PERFORMANCE""]",Detects if multiple permissive row level security policies are present on a table for the same \`role\` and \`action\` (e.g. insert). Multiple permissive policies are suboptimal for performance as each policy must be executed for every relevant query.,"Table \`public.book_saves\` has multiple permissive policies for role \`authenticated\` for action \`SELECT\`. Policies include \`{""Allow full access to own saves"",""Users can view their own book saves"",book_saves_policy}\`",https://supabase.com/docs/guides/database/database-linter?lint=0006_multiple_permissive_policies,"{""name"":""book_saves"",""type"":""table"",""schema"":""public""}",multiple_permissive_policies_public_book_saves_authenticated_SELECT
multiple_permissive_policies,Multiple Permissive Policies,WARN,EXTERNAL,"[""PERFORMANCE""]",Detects if multiple permissive row level security policies are present on a table for the same \`role\` and \`action\` (e.g. insert). Multiple permissive policies are suboptimal for performance as each policy must be executed for every relevant query.,"Table \`public.book_saves\` has multiple permissive policies for role \`authenticated\` for action \`UPDATE\`. Policies include \`{""Allow full access to own saves"",book_saves_policy}\`",https://supabase.com/docs/guides/database/database-linter?lint=0006_multiple_permissive_policies,"{""name"":""book_saves"",""type"":""table"",""schema"":""public""}",multiple_permissive_policies_public_book_saves_authenticated_UPDATE
multiple_permissive_policies,Multiple Permissive Policies,WARN,EXTERNAL,"[""PERFORMANCE""]",Detects if multiple permissive row level security policies are present on a table for the same \`role\` and \`action\` (e.g. insert). Multiple permissive policies are suboptimal for performance as each policy must be executed for every relevant query.,"Table \`public.book_views\` has multiple permissive policies for role \`authenticated\` for action \`INSERT\`. Policies include \`{""Users can insert their own book views"",book_views_policy}\`",https://supabase.com/docs/guides/database/database-linter?lint=0006_multiple_permissive_policies,"{""name"":""book_views"",""type"":""table"",""schema"":""public""}",multiple_permissive_policies_public_book_views_authenticated_INSERT
multiple_permissive_policies,Multiple Permissive Policies,WARN,EXTERNAL,"[""PERFORMANCE""]",Detects if multiple permissive row level security policies are present on a table for the same \`role\` and \`action\` (e.g. insert). Multiple permissive policies are suboptimal for performance as each policy must be executed for every relevant query.,"Table \`public.book_views\` has multiple permissive policies for role \`authenticated\` for action \`SELECT\`. Policies include \`{""Users can view their own book views"",book_views_policy}\`",https://supabase.com/docs/guides/database/database-linter?lint=0006_multiple_permissive_policies,"{""name"":""book_views"",""type"":""table"",""schema"":""public""}",multiple_permissive_policies_public_book_views_authenticated_SELECT
multiple_permissive_policies,Multiple Permissive Policies,WARN,EXTERNAL,"[""PERFORMANCE""]",Detects if multiple permissive row level security policies are present on a table for the same \`role\` and \`action\` (e.g. insert). Multiple permissive policies are suboptimal for performance as each policy must be executed for every relevant query.,"Table \`public.books\` has multiple permissive policies for role \`authenticated\` for action \`SELECT\`. Policies include \`{""Books are publicly readable"",""Books are viewable by everyone"",books_read_policy}\`",https://supabase.com/docs/guides/database/database-linter?lint=0006_multiple_permissive_policies,"{""name"":""books"",""type"":""table"",""schema"":""public""}",multiple_permissive_policies_public_books_authenticated_SELECT
multiple_permissive_policies,Multiple Permissive Policies,WARN,EXTERNAL,"[""PERFORMANCE""]",Detects if multiple permissive row level security policies are present on a table for the same \`role\` and \`action\` (e.g. insert). Multiple permissive policies are suboptimal for performance as each policy must be executed for every relevant query.,"Table \`public.books_catalogue\` has multiple permissive policies for role \`authenticated\` for action \`SELECT\`. Policies include \`{""Allow read access to books catalogue"",books_catalogue_policy}\`",https://supabase.com/docs/guides/database/database-linter?lint=0006_multiple_permissive_policies,"{""name"":""books_catalogue"",""type"":""table"",""schema"":""public""}",multiple_permissive_policies_public_books_catalogue_authenticated_SELECT
multiple_permissive_policies,Multiple Permissive Policies,WARN,EXTERNAL,"[""PERFORMANCE""]",Detects if multiple permissive row level security policies are present on a table for the same \`role\` and \`action\` (e.g. insert). Multiple permissive policies are suboptimal for performance as each policy must be executed for every relevant query.,"Table \`public.business_books_catalogue\` has multiple permissive policies for role \`authenticated\` for action \`SELECT\`. Policies include \`{""Admins can manage business books"",""Users can read business books"",business_books_catalogue_policy}\`",https://supabase.com/docs/guides/database/database-linter?lint=0006_multiple_permissive_policies,"{""name"":""business_books_catalogue"",""type"":""table"",""schema"":""public""}",multiple_permissive_policies_public_business_books_catalogue_authenticated_SELECT
multiple_permissive_policies,Multiple Permissive Policies,WARN,EXTERNAL,"[""PERFORMANCE""]",Detects if multiple permissive row level security policies are present on a table for the same \`role\` and \`action\` (e.g. insert). Multiple permissive policies are suboptimal for performance as each policy must be executed for every relevant query.,"Table \`public.companies\` has multiple permissive policies for role \`authenticated\` for action \`INSERT\`. Policies include \`{""Allow insert for authenticated users"",""Enable insert for authenticated users""}\`",https://supabase.com/docs/guides/database/database-linter?lint=0006_multiple_permissive_policies,"{""name"":""companies"",""type"":""table"",""schema"":""public""}",multiple_permissive_policies_public_companies_authenticated_INSERT
multiple_permissive_policies,Multiple Permissive Policies,WARN,EXTERNAL,"[""PERFORMANCE""]",Detects if multiple permissive row level security policies are present on a table for the same \`role\` and \`action\` (e.g. insert). Multiple permissive policies are suboptimal for performance as each policy must be executed for every relevant query.,"Table \`public.companies\` has multiple permissive policies for role \`authenticated\` for action \`SELECT\`. Policies include \`{""Allow read access to authenticated users"",""Allow read access to companies"",""Companies are publicly readable"",""Enable read access for all users"",""Public read access"",companies_read_policy}\`",https://supabase.com/docs/guides/database/database-linter?lint=0006_multiple_permissive_policies,"{""name"":""companies"",""type"":""table"",""schema"":""public""}",multiple_permissive_policies_public_companies_authenticated_SELECT
multiple_permissive_policies,Multiple Permissive Policies,WARN,EXTERNAL,"[""PERFORMANCE""]",Detects if multiple permissive row level security policies are present on a table for the same \`role\` and \`action\` (e.g. insert). Multiple permissive policies are suboptimal for performance as each policy must be executed for every relevant query.,"Table \`public.content_views\` has multiple permissive policies for role \`authenticated\` for action \`DELETE\`. Policies include \`{""Allow full access to own views"",content_views_policy}\`",https://supabase.com/docs/guides/database/database-linter?lint=0006_multiple_permissive_policies,"{""name"":""content_views"",""type"":""table"",""schema"":""public""}",multiple_permissive_policies_public_content_views_authenticated_DELETE
multiple_permissive_policies,Multiple Permissive Policies,WARN,EXTERNAL,"[""PERFORMANCE""]",Detects if multiple permissive row level security policies are present on a table for the same \`role\` and \`action\` (e.g. insert). Multiple permissive policies are suboptimal for performance as each policy must be executed for every relevant query.,"Table \`public.content_views\` has multiple permissive policies for role \`authenticated\` for action \`INSERT\`. Policies include \`{""Allow full access to own views"",""Users can create own content views"",""Users can insert their own views"",content_views_policy}\`",https://supabase.com/docs/guides/database/database-linter?lint=0006_multiple_permissive_policies,"{""name"":""content_views"",""type"":""table"",""schema"":""public""}",multiple_permissive_policies_public_content_views_authenticated_INSERT
multiple_permissive_policies,Multiple Permissive Policies,WARN,EXTERNAL,"[""PERFORMANCE""]",Detects if multiple permissive row level security policies are present on a table for the same \`role\` and \`action\` (e.g. insert). Multiple permissive policies are suboptimal for performance as each policy must be executed for every relevant query.,"Table \`public.content_views\` has multiple permissive policies for role \`authenticated\` for action \`SELECT\`. Policies include \`{""Allow full access to own views"",""Content views are publicly readable"",""Users can view their own views"",content_views_policy}\`",https://supabase.com/docs/guides/database/database-linter?lint=0006_multiple_permissive_policies,"{""name"":""content_views"",""type"":""table"",""schema"":""public""}",multiple_permissive_policies_public_content_views_authenticated_SELECT
multiple_permissive_policies,Multiple Permissive Policies,WARN,EXTERNAL,"[""PERFORMANCE""]",Detects if multiple permissive row level security policies are present on a table for the same \`role\` and \`action\` (e.g. insert). Multiple permissive policies are suboptimal for performance as each policy must be executed for every relevant query.,"Table \`public.content_views\` has multiple permissive policies for role \`authenticated\` for action \`UPDATE\`. Policies include \`{""Allow full access to own views"",content_views_policy}\`",https://supabase.com/docs/guides/database/database-linter?lint=0006_multiple_permissive_policies,"{""name"":""content_views"",""type"":""table"",""schema"":""public""}",multiple_permissive_policies_public_content_views_authenticated_UPDATE
multiple_permissive_policies,Multiple Permissive Policies,WARN,EXTERNAL,"[""PERFORMANCE""]",Detects if multiple permissive row level security policies are present on a table for the same \`role\` and \`action\` (e.g. insert). Multiple permissive policies are suboptimal for performance as each policy must be executed for every relevant query.,"Table \`public.degrees\` has multiple permissive policies for role \`authenticated\` for action \`SELECT\`. Policies include \`{""Allow read access to authenticated users"",""Degrees are publicly readable"",""Public read access"",degrees_read_policy}\`",https://supabase.com/docs/guides/database/database-linter?lint=0006_multiple_permissive_policies,"{""name"":""degrees"",""type"":""table"",""schema"":""public""}",multiple_permissive_policies_public_degrees_authenticated_SELECT
multiple_permissive_policies,Multiple Permissive Policies,WARN,EXTERNAL,"[""PERFORMANCE""]",Detects if multiple permissive row level security policies are present on a table for the same \`role\` and \`action\` (e.g. insert). Multiple permissive policies are suboptimal for performance as each policy must be executed for every relevant query.,"Table \`public.education_books_catalogue\` has multiple permissive policies for role \`authenticated\` for action \`SELECT\`. Policies include \`{""Admins can manage education books"",""Users can read education books"",education_books_catalogue_policy}\`",https://supabase.com/docs/guides/database/database-linter?lint=0006_multiple_permissive_policies,"{""name"":""education_books_catalogue"",""type"":""table"",""schema"":""public""}",multiple_permissive_policies_public_education_books_catalogue_authenticated_SELECT
multiple_permissive_policies,Multiple Permissive Policies,WARN,EXTERNAL,"[""PERFORMANCE""]",Detects if multiple permissive row level security policies are present on a table for the same \`role\` and \`action\` (e.g. insert). Multiple permissive policies are suboptimal for performance as each policy must be executed for every relevant query.,"Table \`public.finance_books_catalogue\` has multiple permissive policies for role \`authenticated\` for action \`SELECT\`. Policies include \`{""Admins can manage finance books"",""Users can read finance books"",finance_books_catalogue_policy}\`",https://supabase.com/docs/guides/database/database-linter?lint=0006_multiple_permissive_policies,"{""name"":""finance_books_catalogue"",""type"":""table"",""schema"":""public""}",multiple_permissive_policies_public_finance_books_catalogue_authenticated_SELECT
multiple_permissive_policies,Multiple Permissive Policies,WARN,EXTERNAL,"[""PERFORMANCE""]",Detects if multiple permissive row level security policies are present on a table for the same \`role\` and \`action\` (e.g. insert). Multiple permissive policies are suboptimal for performance as each policy must be executed for every relevant query.,"Table \`public.healthcare_books_catalogue\` has multiple permissive policies for role \`authenticated\` for action \`SELECT\`. Policies include \`{""Admins can manage healthcare books"",""Users can read healthcare books"",healthcare_books_catalogue_policy}\`",https://supabase.com/docs/guides/database/database-linter?lint=0006_multiple_permissive_policies,"{""name"":""healthcare_books_catalogue"",""type"":""table"",""schema"":""public""}",multiple_permissive_policies_public_healthcare_books_catalogue_authenticated_SELECT
multiple_permissive_policies,Multiple Permissive Policies,WARN,EXTERNAL,"[""PERFORMANCE""]",Detects if multiple permissive row level security policies are present on a table for the same \`role\` and \`action\` (e.g. insert). Multiple permissive policies are suboptimal for performance as each policy must be executed for every relevant query.,"Table \`public.industries\` has multiple permissive policies for role \`authenticated\` for action \`SELECT\`. Policies include \`{""Allow read access to authenticated users"",""Allow read access to industries"",""Industries are publicly readable"",industries_read_policy}\`",https://supabase.com/docs/guides/database/database-linter?lint=0006_multiple_permissive_policies,"{""name"":""industries"",""type"":""table"",""schema"":""public""}",multiple_permissive_policies_public_industries_authenticated_SELECT
multiple_permissive_policies,Multiple Permissive Policies,WARN,EXTERNAL,"[""PERFORMANCE""]",Detects if multiple permissive row level security policies are present on a table for the same \`role\` and \`action\` (e.g. insert). Multiple permissive policies are suboptimal for performance as each policy must be executed for every relevant query.,"Table \`public.insight_comment_likes\` has multiple permissive policies for role \`authenticated\` for action \`DELETE\`. Policies include \`{""Users can manage own insight comment likes"",insight_comment_likes_policy}\`",https://supabase.com/docs/guides/database/database-linter?lint=0006_multiple_permissive_policies,"{""name"":""insight_comment_likes"",""type"":""table"",""schema"":""public""}",multiple_permissive_policies_public_insight_comment_likes_authenticated_DELETE
multiple_permissive_policies,Multiple Permissive Policies,WARN,EXTERNAL,"[""PERFORMANCE""]",Detects if multiple permissive row level security policies are present on a table for the same \`role\` and \`action\` (e.g. insert). Multiple permissive policies are suboptimal for performance as each policy must be executed for every relevant query.,"Table \`public.insight_comment_likes\` has multiple permissive policies for role \`authenticated\` for action \`INSERT\`. Policies include \`{""Users can manage own insight comment likes"",insight_comment_likes_policy}\`",https://supabase.com/docs/guides/database/database-linter?lint=0006_multiple_permissive_policies,"{""name"":""insight_comment_likes"",""type"":""table"",""schema"":""public""}",multiple_permissive_policies_public_insight_comment_likes_authenticated_INSERT
multiple_permissive_policies,Multiple Permissive Policies,WARN,EXTERNAL,"[""PERFORMANCE""]",Detects if multiple permissive row level security policies are present on a table for the same \`role\` and \`action\` (e.g. insert). Multiple permissive policies are suboptimal for performance as each policy must be executed for every relevant query.,"Table \`public.insight_comment_likes\` has multiple permissive policies for role \`authenticated\` for action \`SELECT\`. Policies include \`{""Insight comment likes are publicly readable"",""Users can manage own insight comment likes"",insight_comment_likes_policy}\`",https://supabase.com/docs/guides/database/database-linter?lint=0006_multiple_permissive_policies,"{""name"":""insight_comment_likes"",""type"":""table"",""schema"":""public""}",multiple_permissive_policies_public_insight_comment_likes_authenticated_SELECT
multiple_permissive_policies,Multiple Permissive Policies,WARN,EXTERNAL,"[""PERFORMANCE""]",Detects if multiple permissive row level security policies are present on a table for the same \`role\` and \`action\` (e.g. insert). Multiple permissive policies are suboptimal for performance as each policy must be executed for every relevant query.,"Table \`public.insight_comment_likes\` has multiple permissive policies for role \`authenticated\` for action \`UPDATE\`. Policies include \`{""Users can manage own insight comment likes"",insight_comment_likes_policy}\`",https://supabase.com/docs/guides/database/database-linter?lint=0006_multiple_permissive_policies,"{""name"":""insight_comment_likes"",""type"":""table"",""schema"":""public""}",multiple_permissive_policies_public_insight_comment_likes_authenticated_UPDATE
multiple_permissive_policies,Multiple Permissive Policies,WARN,EXTERNAL,"[""PERFORMANCE""]",Detects if multiple permissive row level security policies are present on a table for the same \`role\` and \`action\` (e.g. insert). Multiple permissive policies are suboptimal for performance as each policy must be executed for every relevant query.,"Table \`public.insight_comments\` has multiple permissive policies for role \`authenticated\` for action \`DELETE\`. Policies include \`{""Users can delete own insight comments"",insight_comments_delete_own_or_insight_author,insight_comments_delete_policy,insight_comments_owner_all,insight_comments_policy}\`",https://supabase.com/docs/guides/database/database-linter?lint=0006_multiple_permissive_policies,"{""name"":""insight_comments"",""type"":""table"",""schema"":""public""}",multiple_permissive_policies_public_insight_comments_authenticated_DELETE
multiple_permissive_policies,Multiple Permissive Policies,WARN,EXTERNAL,"[""PERFORMANCE""]",Detects if multiple permissive row level security policies are present on a table for the same \`role\` and \`action\` (e.g. insert). Multiple permissive policies are suboptimal for performance as each policy must be executed for every relevant query.,"Table \`public.insight_comments\` has multiple permissive policies for role \`authenticated\` for action \`INSERT\`. Policies include \`{insight_comments_insert_own,insight_comments_owner_all,insight_comments_policy}\`",https://supabase.com/docs/guides/database/database-linter?lint=0006_multiple_permissive_policies,"{""name"":""insight_comments"",""type"":""table"",""schema"":""public""}",multiple_permissive_policies_public_insight_comments_authenticated_INSERT
multiple_permissive_policies,Multiple Permissive Policies,WARN,EXTERNAL,"[""PERFORMANCE""]",Detects if multiple permissive row level security policies are present on a table for the same \`role\` and \`action\` (e.g. insert). Multiple permissive policies are suboptimal for performance as each policy must be executed for every relevant query.,"Table \`public.insight_comments\` has multiple permissive policies for role \`authenticated\` for action \`SELECT\`. Policies include \`{""Insight comments are publicly readable"",insight_comments_owner_all,insight_comments_policy,insight_comments_select_all}\`",https://supabase.com/docs/guides/database/database-linter?lint=0006_multiple_permissive_policies,"{""name"":""insight_comments"",""type"":""table"",""schema"":""public""}",multiple_permissive_policies_public_insight_comments_authenticated_SELECT
multiple_permissive_policies,Multiple Permissive Policies,WARN,EXTERNAL,"[""PERFORMANCE""]",Detects if multiple permissive row level security policies are present on a table for the same \`role\` and \`action\` (e.g. insert). Multiple permissive policies are suboptimal for performance as each policy must be executed for every relevant query.,"Table \`public.insight_comments\` has multiple permissive policies for role \`authenticated\` for action \`UPDATE\`. Policies include \`{""Users can update own insight comments"",insight_comments_owner_all,insight_comments_policy}\`",https://supabase.com/docs/guides/database/database-linter?lint=0006_multiple_permissive_policies,"{""name"":""insight_comments"",""type"":""table"",""schema"":""public""}",multiple_permissive_policies_public_insight_comments_authenticated_UPDATE
multiple_permissive_policies,Multiple Permissive Policies,WARN,EXTERNAL,"[""PERFORMANCE""]",Detects if multiple permissive row level security policies are present on a table for the same \`role\` and \`action\` (e.g. insert). Multiple permissive policies are suboptimal for performance as each policy must be executed for every relevant query.,"Table \`public.insight_likes\` has multiple permissive policies for role \`authenticated\` for action \`DELETE\`. Policies include \`{insight_likes_delete_own,insight_likes_owner_all,insight_likes_policy}\`",https://supabase.com/docs/guides/database/database-linter?lint=0006_multiple_permissive_policies,"{""name"":""insight_likes"",""type"":""table"",""schema"":""public""}",multiple_permissive_policies_public_insight_likes_authenticated_DELETE
multiple_permissive_policies,Multiple Permissive Policies,WARN,EXTERNAL,"[""PERFORMANCE""]",Detects if multiple permissive row level security policies are present on a table for the same \`role\` and \`action\` (e.g. insert). Multiple permissive policies are suboptimal for performance as each policy must be executed for every relevant query.,"Table \`public.insight_likes\` has multiple permissive policies for role \`authenticated\` for action \`INSERT\`. Policies include \`{insight_likes_insert_own,insight_likes_owner_all,insight_likes_policy}\`",https://supabase.com/docs/guides/database/database-linter?lint=0006_multiple_permissive_policies,"{""name"":""insight_likes"",""type"":""table"",""schema"":""public""}",multiple_permissive_policies_public_insight_likes_authenticated_INSERT
multiple_permissive_policies,Multiple Permissive Policies,WARN,EXTERNAL,"[""PERFORMANCE""]",Detects if multiple permissive row level security policies are present on a table for the same \`role\` and \`action\` (e.g. insert). Multiple permissive policies are suboptimal for performance as each policy must be executed for every relevant query.,"Table \`public.insight_likes\` has multiple permissive policies for role \`authenticated\` for action \`SELECT\`. Policies include \`{insight_likes_owner_all,insight_likes_policy,insight_likes_select_all}\`",https://supabase.com/docs/guides/database/database-linter?lint=0006_multiple_permissive_policies,"{""name"":""insight_likes"",""type"":""table"",""schema"":""public""}",multiple_permissive_policies_public_insight_likes_authenticated_SELECT
multiple_permissive_policies,Multiple Permissive Policies,WARN,EXTERNAL,"[""PERFORMANCE""]",Detects if multiple permissive row level security policies are present on a table for the same \`role\` and \`action\` (e.g. insert). Multiple permissive policies are suboptimal for performance as each policy must be executed for every relevant query.,"Table \`public.insight_likes\` has multiple permissive policies for role \`authenticated\` for action \`UPDATE\`. Policies include \`{insight_likes_owner_all,insight_likes_policy}\`",https://supabase.com/docs/guides/database/database-linter?lint=0006_multiple_permissive_policies,"{""name"":""insight_likes"",""type"":""table"",""schema"":""public""}",multiple_permissive_policies_public_insight_likes_authenticated_UPDATE
multiple_permissive_policies,Multiple Permissive Policies,WARN,EXTERNAL,"[""PERFORMANCE""]",Detects if multiple permissive row level security policies are present on a table for the same \`role\` and \`action\` (e.g. insert). Multiple permissive policies are suboptimal for performance as each policy must be executed for every relevant query.,"Table \`public.insight_saves\` has multiple permissive policies for role \`authenticated\` for action \`DELETE\`. Policies include \`{insight_saves_delete_own,insight_saves_owner_all,insight_saves_policy}\`",https://supabase.com/docs/guides/database/database-linter?lint=0006_multiple_permissive_policies,"{""name"":""insight_saves"",""type"":""table"",""schema"":""public""}",multiple_permissive_policies_public_insight_saves_authenticated_DELETE
multiple_permissive_policies,Multiple Permissive Policies,WARN,EXTERNAL,"[""PERFORMANCE""]",Detects if multiple permissive row level security policies are present on a table for the same \`role\` and \`action\` (e.g. insert). Multiple permissive policies are suboptimal for performance as each policy must be executed for every relevant query.,"Table \`public.insight_saves\` has multiple permissive policies for role \`authenticated\` for action \`INSERT\`. Policies include \`{insight_saves_insert_own,insight_saves_owner_all,insight_saves_policy}\`",https://supabase.com/docs/guides/database/database-linter?lint=0006_multiple_permissive_policies,"{""name"":""insight_saves"",""type"":""table"",""schema"":""public""}",multiple_permissive_policies_public_insight_saves_authenticated_INSERT
multiple_permissive_policies,Multiple Permissive Policies,WARN,EXTERNAL,"[""PERFORMANCE""]",Detects if multiple permissive row level security policies are present on a table for the same \`role\` and \`action\` (e.g. insert). Multiple permissive policies are suboptimal for performance as each policy must be executed for every relevant query.,"Table \`public.insight_saves\` has multiple permissive policies for role \`authenticated\` for action \`SELECT\`. Policies include \`{insight_saves_owner_all,insight_saves_policy,insight_saves_select_all}\`",https://supabase.com/docs/guides/database/database-linter?lint=0006_multiple_permissive_policies,"{""name"":""insight_saves"",""type"":""table"",""schema"":""public""}",multiple_permissive_policies_public_insight_saves_authenticated_SELECT
multiple_permissive_policies,Multiple Permissive Policies,WARN,EXTERNAL,"[""PERFORMANCE""]",Detects if multiple permissive row level security policies are present on a table for the same \`role\` and \`action\` (e.g. insert). Multiple permissive policies are suboptimal for performance as each policy must be executed for every relevant query.,"Table \`public.insight_saves\` has multiple permissive policies for role \`authenticated\` for action \`UPDATE\`. Policies include \`{insight_saves_owner_all,insight_saves_policy}\`",https://supabase.com/docs/guides/database/database-linter?lint=0006_multiple_permissive_policies,"{""name"":""insight_saves"",""type"":""table"",""schema"":""public""}",multiple_permissive_policies_public_insight_saves_authenticated_UPDATE
multiple_permissive_policies,Multiple Permissive Policies,WARN,EXTERNAL,"[""PERFORMANCE""]",Detects if multiple permissive row level security policies are present on a table for the same \`role\` and \`action\` (e.g. insert). Multiple permissive policies are suboptimal for performance as each policy must be executed for every relevant query.,"Table \`public.insight_views\` has multiple permissive policies for role \`authenticated\` for action \`SELECT\`. Policies include \`{""Insight views are publicly readable"",insight_views_policy}\`",https://supabase.com/docs/guides/database/database-linter?lint=0006_multiple_permissive_policies,"{""name"":""insight_views"",""type"":""table"",""schema"":""public""}",multiple_permissive_policies_public_insight_views_authenticated_SELECT
multiple_permissive_policies,Multiple Permissive Policies,WARN,EXTERNAL,"[""PERFORMANCE""]",Detects if multiple permissive row level security policies are present on a table for the same \`role\` and \`action\` (e.g. insert). Multiple permissive policies are suboptimal for performance as each policy must be executed for every relevant query.,"Table \`public.learning_sessions\` has multiple permissive policies for role \`authenticated\` for action \`DELETE\`. Policies include \`{""Allow full access to own sessions"",""Users can manage their own learning sessions"",learning_sessions_policy}\`",https://supabase.com/docs/guides/database/database-linter?lint=0006_multiple_permissive_policies,"{""name"":""learning_sessions"",""type"":""table"",""schema"":""public""}",multiple_permissive_policies_public_learning_sessions_authenticated_DELETE
multiple_permissive_policies,Multiple Permissive Policies,WARN,EXTERNAL,"[""PERFORMANCE""]",Detects if multiple permissive row level security policies are present on a table for the same \`role\` and \`action\` (e.g. insert). Multiple permissive policies are suboptimal for performance as each policy must be executed for every relevant query.,"Table \`public.learning_sessions\` has multiple permissive policies for role \`authenticated\` for action \`INSERT\`. Policies include \`{""Allow full access to own sessions"",""Users can manage their own learning sessions"",learning_sessions_policy}\`",https://supabase.com/docs/guides/database/database-linter?lint=0006_multiple_permissive_policies,"{""name"":""learning_sessions"",""type"":""table"",""schema"":""public""}",multiple_permissive_policies_public_learning_sessions_authenticated_INSERT
multiple_permissive_policies,Multiple Permissive Policies,WARN,EXTERNAL,"[""PERFORMANCE""]",Detects if multiple permissive row level security policies are present on a table for the same \`role\` and \`action\` (e.g. insert). Multiple permissive policies are suboptimal for performance as each policy must be executed for every relevant query.,"Table \`public.learning_sessions\` has multiple permissive policies for role \`authenticated\` for action \`SELECT\`. Policies include \`{""Allow full access to own sessions"",""Users can manage their own learning sessions"",""Users can view their own learning sessions"",learning_sessions_policy}\`",https://supabase.com/docs/guides/database/database-linter?lint=0006_multiple_permissive_policies,"{""name"":""learning_sessions"",""type"":""table"",""schema"":""public""}",multiple_permissive_policies_public_learning_sessions_authenticated_SELECT
multiple_permissive_policies,Multiple Permissive Policies,WARN,EXTERNAL,"[""PERFORMANCE""]",Detects if multiple permissive row level security policies are present on a table for the same \`role\` and \`action\` (e.g. insert). Multiple permissive policies are suboptimal for performance as each policy must be executed for every relevant query.,"Table \`public.learning_sessions\` has multiple permissive policies for role \`authenticated\` for action \`UPDATE\`. Policies include \`{""Allow full access to own sessions"",""Users can manage their own learning sessions"",learning_sessions_policy}\`",https://supabase.com/docs/guides/database/database-linter?lint=0006_multiple_permissive_policies,"{""name"":""learning_sessions"",""type"":""table"",""schema"":""public""}",multiple_permissive_policies_public_learning_sessions_authenticated_UPDATE
multiple_permissive_policies,Multiple Permissive Policies,WARN,EXTERNAL,"[""PERFORMANCE""]",Detects if multiple permissive row level security policies are present on a table for the same \`role\` and \`action\` (e.g. insert). Multiple permissive policies are suboptimal for performance as each policy must be executed for every relevant query.,"Table \`public.paper_comment_likes\` has multiple permissive policies for role \`authenticated\` for action \`DELETE\`. Policies include \`{""Users can manage own paper comment likes"",paper_comment_likes_policy}\`",https://supabase.com/docs/guides/database/database-linter?lint=0006_multiple_permissive_policies,"{""name"":""paper_comment_likes"",""type"":""table"",""schema"":""public""}",multiple_permissive_policies_public_paper_comment_likes_authenticated_DELETE
multiple_permissive_policies,Multiple Permissive Policies,WARN,EXTERNAL,"[""PERFORMANCE""]",Detects if multiple permissive row level security policies are present on a table for the same \`role\` and \`action\` (e.g. insert). Multiple permissive policies are suboptimal for performance as each policy must be executed for every relevant query.,"Table \`public.paper_comment_likes\` has multiple permissive policies for role \`authenticated\` for action \`INSERT\`. Policies include \`{""Users can manage own paper comment likes"",paper_comment_likes_policy}\`",https://supabase.com/docs/guides/database/database-linter?lint=0006_multiple_permissive_policies,"{""name"":""paper_comment_likes"",""type"":""table"",""schema"":""public""}",multiple_permissive_policies_public_paper_comment_likes_authenticated_INSERT
multiple_permissive_policies,Multiple Permissive Policies,WARN,EXTERNAL,"[""PERFORMANCE""]",Detects if multiple permissive row level security policies are present on a table for the same \`role\` and \`action\` (e.g. insert). Multiple permissive policies are suboptimal for performance as each policy must be executed for every relevant query.,"Table \`public.paper_comment_likes\` has multiple permissive policies for role \`authenticated\` for action \`SELECT\`. Policies include \`{""Paper comment likes are publicly readable"",""Users can manage own paper comment likes"",paper_comment_likes_policy}\`",https://supabase.com/docs/guides/database/database-linter?lint=0006_multiple_permissive_policies,"{""name"":""paper_comment_likes"",""type"":""table"",""schema"":""public""}",multiple_permissive_policies_public_paper_comment_likes_authenticated_SELECT
multiple_permissive_policies,Multiple Permissive Policies,WARN,EXTERNAL,"[""PERFORMANCE""]",Detects if multiple permissive row level security policies are present on a table for the same \`role\` and \`action\` (e.g. insert). Multiple permissive policies are suboptimal for performance as each policy must be executed for every relevant query.,"Table \`public.paper_comment_likes\` has multiple permissive policies for role \`authenticated\` for action \`UPDATE\`. Policies include \`{""Users can manage own paper comment likes"",paper_comment_likes_policy}\`",https://supabase.com/docs/guides/database/database-linter?lint=0006_multiple_permissive_policies,"{""name"":""paper_comment_likes"",""type"":""table"",""schema"":""public""}",multiple_permissive_policies_public_paper_comment_likes_authenticated_UPDATE
multiple_permissive_policies,Multiple Permissive Policies,WARN,EXTERNAL,"[""PERFORMANCE""]",Detects if multiple permissive row level security policies are present on a table for the same \`role\` and \`action\` (e.g. insert). Multiple permissive policies are suboptimal for performance as each policy must be executed for every relevant query.,"Table \`public.paper_comments\` has multiple permissive policies for role \`authenticated\` for action \`DELETE\`. Policies include \`{""Users can delete own paper comments"",""Users can delete their own paper comments"",paper_comments_policy}\`",https://supabase.com/docs/guides/database/database-linter?lint=0006_multiple_permissive_policies,"{""name"":""paper_comments"",""type"":""table"",""schema"":""public""}",multiple_permissive_policies_public_paper_comments_authenticated_DELETE
multiple_permissive_policies,Multiple Permissive Policies,WARN,EXTERNAL,"[""PERFORMANCE""]",Detects if multiple permissive row level security policies are present on a table for the same \`role\` and \`action\` (e.g. insert). Multiple permissive policies are suboptimal for performance as each policy must be executed for every relevant query.,"Table \`public.paper_comments\` has multiple permissive policies for role \`authenticated\` for action \`INSERT\`. Policies include \`{""Users can insert their own paper comments"",paper_comments_policy}\`",https://supabase.com/docs/guides/database/database-linter?lint=0006_multiple_permissive_policies,"{""name"":""paper_comments"",""type"":""table"",""schema"":""public""}",multiple_permissive_policies_public_paper_comments_authenticated_INSERT
multiple_permissive_policies,Multiple Permissive Policies,WARN,EXTERNAL,"[""PERFORMANCE""]",Detects if multiple permissive row level security policies are present on a table for the same \`role\` and \`action\` (e.g. insert). Multiple permissive policies are suboptimal for performance as each policy must be executed for every relevant query.,"Table \`public.paper_comments\` has multiple permissive policies for role \`authenticated\` for action \`SELECT\`. Policies include \`{""Paper comments are viewable by everyone"",paper_comments_policy}\`",https://supabase.com/docs/guides/database/database-linter?lint=0006_multiple_permissive_policies,"{""name"":""paper_comments"",""type"":""table"",""schema"":""public""}",multiple_permissive_policies_public_paper_comments_authenticated_SELECT
multiple_permissive_policies,Multiple Permissive Policies,WARN,EXTERNAL,"[""PERFORMANCE""]",Detects if multiple permissive row level security policies are present on a table for the same \`role\` and \`action\` (e.g. insert). Multiple permissive policies are suboptimal for performance as each policy must be executed for every relevant query.,"Table \`public.paper_comments\` has multiple permissive policies for role \`authenticated\` for action \`UPDATE\`. Policies include \`{""Users can update own paper comments"",paper_comments_policy}\`",https://supabase.com/docs/guides/database/database-linter?lint=0006_multiple_permissive_policies,"{""name"":""paper_comments"",""type"":""table"",""schema"":""public""}",multiple_permissive_policies_public_paper_comments_authenticated_UPDATE
multiple_permissive_policies,Multiple Permissive Policies,WARN,EXTERNAL,"[""PERFORMANCE""]",Detects if multiple permissive row level security policies are present on a table for the same \`role\` and \`action\` (e.g. insert). Multiple permissive policies are suboptimal for performance as each policy must be executed for every relevant query.,"Table \`public.paper_likes\` has multiple permissive policies for role \`authenticated\` for action \`DELETE\`. Policies include \`{""Users can delete their own paper likes"",paper_likes_policy}\`",https://supabase.com/docs/guides/database/database-linter?lint=0006_multiple_permissive_policies,"{""name"":""paper_likes"",""type"":""table"",""schema"":""public""}",multiple_permissive_policies_public_paper_likes_authenticated_DELETE
multiple_permissive_policies,Multiple Permissive Policies,WARN,EXTERNAL,"[""PERFORMANCE""]",Detects if multiple permissive row level security policies are present on a table for the same \`role\` and \`action\` (e.g. insert). Multiple permissive policies are suboptimal for performance as each policy must be executed for every relevant query.,"Table \`public.paper_likes\` has multiple permissive policies for role \`authenticated\` for action \`INSERT\`. Policies include \`{""Users can insert their own paper likes"",paper_likes_policy}\`",https://supabase.com/docs/guides/database/database-linter?lint=0006_multiple_permissive_policies,"{""name"":""paper_likes"",""type"":""table"",""schema"":""public""}",multiple_permissive_policies_public_paper_likes_authenticated_INSERT
multiple_permissive_policies,Multiple Permissive Policies,WARN,EXTERNAL,"[""PERFORMANCE""]",Detects if multiple permissive row level security policies are present on a table for the same \`role\` and \`action\` (e.g. insert). Multiple permissive policies are suboptimal for performance as each policy must be executed for every relevant query.,"Table \`public.paper_likes\` has multiple permissive policies for role \`authenticated\` for action \`SELECT\`. Policies include \`{""Users can view their own paper likes"",paper_likes_policy}\`",https://supabase.com/docs/guides/database/database-linter?lint=0006_multiple_permissive_policies,"{""name"":""paper_likes"",""type"":""table"",""schema"":""public""}",multiple_permissive_policies_public_paper_likes_authenticated_SELECT
multiple_permissive_policies,Multiple Permissive Policies,WARN,EXTERNAL,"[""PERFORMANCE""]",Detects if multiple permissive row level security policies are present on a table for the same \`role\` and \`action\` (e.g. insert). Multiple permissive policies are suboptimal for performance as each policy must be executed for every relevant query.,"Table \`public.paper_saves\` has multiple permissive policies for role \`authenticated\` for action \`DELETE\`. Policies include \`{""Allow full access to own saves"",""Users can delete their own paper saves"",paper_saves_policy}\`",https://supabase.com/docs/guides/database/database-linter?lint=0006_multiple_permissive_policies,"{""name"":""paper_saves"",""type"":""table"",""schema"":""public""}",multiple_permissive_policies_public_paper_saves_authenticated_DELETE
multiple_permissive_policies,Multiple Permissive Policies,WARN,EXTERNAL,"[""PERFORMANCE""]",Detects if multiple permissive row level security policies are present on a table for the same \`role\` and \`action\` (e.g. insert). Multiple permissive policies are suboptimal for performance as each policy must be executed for every relevant query.,"Table \`public.paper_saves\` has multiple permissive policies for role \`authenticated\` for action \`INSERT\`. Policies include \`{""Allow full access to own saves"",""Users can insert their own paper saves"",paper_saves_policy}\`",https://supabase.com/docs/guides/database/database-linter?lint=0006_multiple_permissive_policies,"{""name"":""paper_saves"",""type"":""table"",""schema"":""public""}",multiple_permissive_policies_public_paper_saves_authenticated_INSERT
multiple_permissive_policies,Multiple Permissive Policies,WARN,EXTERNAL,"[""PERFORMANCE""]",Detects if multiple permissive row level security policies are present on a table for the same \`role\` and \`action\` (e.g. insert). Multiple permissive policies are suboptimal for performance as each policy must be executed for every relevant query.,"Table \`public.paper_saves\` has multiple permissive policies for role \`authenticated\` for action \`SELECT\`. Policies include \`{""Allow full access to own saves"",""Users can view their own paper saves"",paper_saves_policy}\`",https://supabase.com/docs/guides/database/database-linter?lint=0006_multiple_permissive_policies,"{""name"":""paper_saves"",""type"":""table"",""schema"":""public""}",multiple_permissive_policies_public_paper_saves_authenticated_SELECT
multiple_permissive_policies,Multiple Permissive Policies,WARN,EXTERNAL,"[""PERFORMANCE""]",Detects if multiple permissive row level security policies are present on a table for the same \`role\` and \`action\` (e.g. insert). Multiple permissive policies are suboptimal for performance as each policy must be executed for every relevant query.,"Table \`public.paper_saves\` has multiple permissive policies for role \`authenticated\` for action \`UPDATE\`. Policies include \`{""Allow full access to own saves"",paper_saves_policy}\`",https://supabase.com/docs/guides/database/database-linter?lint=0006_multiple_permissive_policies,"{""name"":""paper_saves"",""type"":""table"",""schema"":""public""}",multiple_permissive_policies_public_paper_saves_authenticated_UPDATE
multiple_permissive_policies,Multiple Permissive Policies,WARN,EXTERNAL,"[""PERFORMANCE""]",Detects if multiple permissive row level security policies are present on a table for the same \`role\` and \`action\` (e.g. insert). Multiple permissive policies are suboptimal for performance as each policy must be executed for every relevant query.,"Table \`public.paper_views\` has multiple permissive policies for role \`authenticated\` for action \`INSERT\`. Policies include \`{""Users can insert their own paper views"",paper_views_policy}\`",https://supabase.com/docs/guides/database/database-linter?lint=0006_multiple_permissive_policies,"{""name"":""paper_views"",""type"":""table"",""schema"":""public""}",multiple_permissive_policies_public_paper_views_authenticated_INSERT
multiple_permissive_policies,Multiple Permissive Policies,WARN,EXTERNAL,"[""PERFORMANCE""]",Detects if multiple permissive row level security policies are present on a table for the same \`role\` and \`action\` (e.g. insert). Multiple permissive policies are suboptimal for performance as each policy must be executed for every relevant query.,"Table \`public.paper_views\` has multiple permissive policies for role \`authenticated\` for action \`SELECT\`. Policies include \`{""Users can view their own paper views"",paper_views_policy}\`",https://supabase.com/docs/guides/database/database-linter?lint=0006_multiple_permissive_policies,"{""name"":""paper_views"",""type"":""table"",""schema"":""public""}",multiple_permissive_policies_public_paper_views_authenticated_SELECT
multiple_permissive_policies,Multiple Permissive Policies,WARN,EXTERNAL,"[""PERFORMANCE""]",Detects if multiple permissive row level security policies are present on a table for the same \`role\` and \`action\` (e.g. insert). Multiple permissive policies are suboptimal for performance as each policy must be executed for every relevant query.,"Table \`public.papers\` has multiple permissive policies for role \`authenticated\` for action \`SELECT\`. Policies include \`{""Papers are publicly readable"",""Papers are viewable by everyone"",papers_read_policy}\`",https://supabase.com/docs/guides/database/database-linter?lint=0006_multiple_permissive_policies,"{""name"":""papers"",""type"":""table"",""schema"":""public""}",multiple_permissive_policies_public_papers_authenticated_SELECT
multiple_permissive_policies,Multiple Permissive Policies,WARN,EXTERNAL,"[""PERFORMANCE""]",Detects if multiple permissive row level security policies are present on a table for the same \`role\` and \`action\` (e.g. insert). Multiple permissive policies are suboptimal for performance as each policy must be executed for every relevant query.,"Table \`public.personal_development_books_catalogue\` has multiple permissive policies for role \`authenticated\` for action \`SELECT\`. Policies include \`{""Admins can manage personal development books"",""Users can read personal development books"",personal_development_books_catalogue_policy}\`",https://supabase.com/docs/guides/database/database-linter?lint=0006_multiple_permissive_policies,"{""name"":""personal_development_books_catalogue"",""type"":""table"",""schema"":""public""}",multiple_permissive_policies_public_personal_development_books_catalogue_authenticated_SELECT
multiple_permissive_policies,Multiple Permissive Policies,WARN,EXTERNAL,"[""PERFORMANCE""]",Detects if multiple permissive row level security policies are present on a table for the same \`role\` and \`action\` (e.g. insert). Multiple permissive policies are suboptimal for performance as each policy must be executed for every relevant query.,"Table \`public.politics_books_catalogue\` has multiple permissive policies for role \`authenticated\` for action \`SELECT\`. Policies include \`{""Admins can manage politics books"",""Users can read politics books"",politics_books_catalogue_policy}\`",https://supabase.com/docs/guides/database/database-linter?lint=0006_multiple_permissive_policies,"{""name"":""politics_books_catalogue"",""type"":""table"",""schema"":""public""}",multiple_permissive_policies_public_politics_books_catalogue_authenticated_SELECT
multiple_permissive_policies,Multiple Permissive Policies,WARN,EXTERNAL,"[""PERFORMANCE""]",Detects if multiple permissive row level security policies are present on a table for the same \`role\` and \`action\` (e.g. insert). Multiple permissive policies are suboptimal for performance as each policy must be executed for every relevant query.,"Table \`public.profile_sections\` has multiple permissive policies for role \`authenticated\` for action \`DELETE\`. Policies include \`{""Users can manage their own profile sections"",profile_sections_policy}\`",https://supabase.com/docs/guides/database/database-linter?lint=0006_multiple_permissive_policies,"{""name"":""profile_sections"",""type"":""table"",""schema"":""public""}",multiple_permissive_policies_public_profile_sections_authenticated_DELETE
multiple_permissive_policies,Multiple Permissive Policies,WARN,EXTERNAL,"[""PERFORMANCE""]",Detects if multiple permissive row level security policies are present on a table for the same \`role\` and \`action\` (e.g. insert). Multiple permissive policies are suboptimal for performance as each policy must be executed for every relevant query.,"Table \`public.profile_sections\` has multiple permissive policies for role \`authenticated\` for action \`INSERT\`. Policies include \`{""Users can manage their own profile sections"",profile_sections_policy}\`",https://supabase.com/docs/guides/database/database-linter?lint=0006_multiple_permissive_policies,"{""name"":""profile_sections"",""type"":""table"",""schema"":""public""}",multiple_permissive_policies_public_profile_sections_authenticated_INSERT
multiple_permissive_policies,Multiple Permissive Policies,WARN,EXTERNAL,"[""PERFORMANCE""]",Detects if multiple permissive row level security policies are present on a table for the same \`role\` and \`action\` (e.g. insert). Multiple permissive policies are suboptimal for performance as each policy must be executed for every relevant query.,"Table \`public.profile_sections\` has multiple permissive policies for role \`authenticated\` for action \`SELECT\`. Policies include \`{""Users can manage their own profile sections"",""Users can view others' profile sections"",profile_sections_policy}\`",https://supabase.com/docs/guides/database/database-linter?lint=0006_multiple_permissive_policies,"{""name"":""profile_sections"",""type"":""table"",""schema"":""public""}",multiple_permissive_policies_public_profile_sections_authenticated_SELECT
multiple_permissive_policies,Multiple Permissive Policies,WARN,EXTERNAL,"[""PERFORMANCE""]",Detects if multiple permissive row level security policies are present on a table for the same \`role\` and \`action\` (e.g. insert). Multiple permissive policies are suboptimal for performance as each policy must be executed for every relevant query.,"Table \`public.profile_sections\` has multiple permissive policies for role \`authenticated\` for action \`UPDATE\`. Policies include \`{""Users can manage their own profile sections"",profile_sections_policy}\`",https://supabase.com/docs/guides/database/database-linter?lint=0006_multiple_permissive_policies,"{""name"":""profile_sections"",""type"":""table"",""schema"":""public""}",multiple_permissive_policies_public_profile_sections_authenticated_UPDATE
multiple_permissive_policies,Multiple Permissive Policies,WARN,EXTERNAL,"[""PERFORMANCE""]",Detects if multiple permissive row level security policies are present on a table for the same \`role\` and \`action\` (e.g. insert). Multiple permissive policies are suboptimal for performance as each policy must be executed for every relevant query.,"Table \`public.quiz_attempts\` has multiple permissive policies for role \`authenticated\` for action \`DELETE\`. Policies include \`{""Users can manage own quiz attempts"",quiz_attempts_policy}\`",https://supabase.com/docs/guides/database/database-linter?lint=0006_multiple_permissive_policies,"{""name"":""quiz_attempts"",""type"":""table"",""schema"":""public""}",multiple_permissive_policies_public_quiz_attempts_authenticated_DELETE
multiple_permissive_policies,Multiple Permissive Policies,WARN,EXTERNAL,"[""PERFORMANCE""]",Detects if multiple permissive row level security policies are present on a table for the same \`role\` and \`action\` (e.g. insert). Multiple permissive policies are suboptimal for performance as each policy must be executed for every relevant query.,"Table \`public.quiz_attempts\` has multiple permissive policies for role \`authenticated\` for action \`INSERT\`. Policies include \`{""Users can manage own quiz attempts"",quiz_attempts_insert_own,quiz_attempts_policy}\`",https://supabase.com/docs/guides/database/database-linter?lint=0006_multiple_permissive_policies,"{""name"":""quiz_attempts"",""type"":""table"",""schema"":""public""}",multiple_permissive_policies_public_quiz_attempts_authenticated_INSERT
multiple_permissive_policies,Multiple Permissive Policies,WARN,EXTERNAL,"[""PERFORMANCE""]",Detects if multiple permissive row level security policies are present on a table for the same \`role\` and \`action\` (e.g. insert). Multiple permissive policies are suboptimal for performance as each policy must be executed for every relevant query.,"Table \`public.quiz_attempts\` has multiple permissive policies for role \`authenticated\` for action \`SELECT\`. Policies include \`{""Users can manage own quiz attempts"",quiz_attempts_policy,quiz_attempts_select_own}\`",https://supabase.com/docs/guides/database/database-linter?lint=0006_multiple_permissive_policies,"{""name"":""quiz_attempts"",""type"":""table"",""schema"":""public""}",multiple_permissive_policies_public_quiz_attempts_authenticated_SELECT
multiple_permissive_policies,Multiple Permissive Policies,WARN,EXTERNAL,"[""PERFORMANCE""]",Detects if multiple permissive row level security policies are present on a table for the same \`role\` and \`action\` (e.g. insert). Multiple permissive policies are suboptimal for performance as each policy must be executed for every relevant query.,"Table \`public.quiz_attempts\` has multiple permissive policies for role \`authenticated\` for action \`UPDATE\`. Policies include \`{""Users can manage own quiz attempts"",quiz_attempts_policy}\`",https://supabase.com/docs/guides/database/database-linter?lint=0006_multiple_permissive_policies,"{""name"":""quiz_attempts"",""type"":""table"",""schema"":""public""}",multiple_permissive_policies_public_quiz_attempts_authenticated_UPDATE
multiple_permissive_policies,Multiple Permissive Policies,WARN,EXTERNAL,"[""PERFORMANCE""]",Detects if multiple permissive row level security policies are present on a table for the same \`role\` and \`action\` (e.g. insert). Multiple permissive policies are suboptimal for performance as each policy must be executed for every relevant query.,"Table \`public.quiz_questions\` has multiple permissive policies for role \`authenticated\` for action \`SELECT\`. Policies include \`{""Quiz questions are readable by authenticated users"",quiz_q_select_all,quiz_questions_read_policy}\`",https://supabase.com/docs/guides/database/database-linter?lint=0006_multiple_permissive_policies,"{""name"":""quiz_questions"",""type"":""table"",""schema"":""public""}",multiple_permissive_policies_public_quiz_questions_authenticated_SELECT
multiple_permissive_policies,Multiple Permissive Policies,WARN,EXTERNAL,"[""PERFORMANCE""]",Detects if multiple permissive row level security policies are present on a table for the same \`role\` and \`action\` (e.g. insert). Multiple permissive policies are suboptimal for performance as each policy must be executed for every relevant query.,"Table \`public.science_books_catalogue\` has multiple permissive policies for role \`authenticated\` for action \`SELECT\`. Policies include \`{""Admins can manage science books"",""Users can read science books"",science_books_catalogue_policy}\`",https://supabase.com/docs/guides/database/database-linter?lint=0006_multiple_permissive_policies,"{""name"":""science_books_catalogue"",""type"":""table"",""schema"":""public""}",multiple_permissive_policies_public_science_books_catalogue_authenticated_SELECT
multiple_permissive_policies,Multiple Permissive Policies,WARN,EXTERNAL,"[""PERFORMANCE""]",Detects if multiple permissive row level security policies are present on a table for the same \`role\` and \`action\` (e.g. insert). Multiple permissive policies are suboptimal for performance as each policy must be executed for every relevant query.,"Table \`public.search_analytics\` has multiple permissive policies for role \`authenticated\` for action \`SELECT\`. Policies include \`{""Search analytics are publicly readable"",search_analytics_policy}\`",https://supabase.com/docs/guides/database/database-linter?lint=0006_multiple_permissive_policies,"{""name"":""search_analytics"",""type"":""table"",""schema"":""public""}",multiple_permissive_policies_public_search_analytics_authenticated_SELECT
multiple_permissive_policies,Multiple Permissive Policies,WARN,EXTERNAL,"[""PERFORMANCE""]",Detects if multiple permissive row level security policies are present on a table for the same \`role\` and \`action\` (e.g. insert). Multiple permissive policies are suboptimal for performance as each policy must be executed for every relevant query.,"Table \`public.startup_books_catalogue\` has multiple permissive policies for role \`authenticated\` for action \`SELECT\`. Policies include \`{""Admins can manage startup books"",""Users can read startup books"",startup_books_catalogue_policy}\`",https://supabase.com/docs/guides/database/database-linter?lint=0006_multiple_permissive_policies,"{""name"":""startup_books_catalogue"",""type"":""table"",""schema"":""public""}",multiple_permissive_policies_public_startup_books_catalogue_authenticated_SELECT
multiple_permissive_policies,Multiple Permissive Policies,WARN,EXTERNAL,"[""PERFORMANCE""]",Detects if multiple permissive row level security policies are present on a table for the same \`role\` and \`action\` (e.g. insert). Multiple permissive policies are suboptimal for performance as each policy must be executed for every relevant query.,"Table \`public.technology_books_catalogue\` has multiple permissive policies for role \`authenticated\` for action \`SELECT\`. Policies include \`{""Admins can manage technology books"",""Users can read technology books"",technology_books_catalogue_policy}\`",https://supabase.com/docs/guides/database/database-linter?lint=0006_multiple_permissive_policies,"{""name"":""technology_books_catalogue"",""type"":""table"",""schema"":""public""}",multiple_permissive_policies_public_technology_books_catalogue_authenticated_SELECT
multiple_permissive_policies,Multiple Permissive Policies,WARN,EXTERNAL,"[""PERFORMANCE""]",Detects if multiple permissive row level security policies are present on a table for the same \`role\` and \`action\` (e.g. insert). Multiple permissive policies are suboptimal for performance as each policy must be executed for every relevant query.,"Table \`public.universities\` has multiple permissive policies for role \`authenticated\` for action \`SELECT\`. Policies include \`{""Allow read access to authenticated users"",""Public read access"",""Universities are publicly readable"",universities_read_policy}\`",https://supabase.com/docs/guides/database/database-linter?lint=0006_multiple_permissive_policies,"{""name"":""universities"",""type"":""table"",""schema"":""public""}",multiple_permissive_policies_public_universities_authenticated_SELECT
multiple_permissive_policies,Multiple Permissive Policies,WARN,EXTERNAL,"[""PERFORMANCE""]",Detects if multiple permissive row level security policies are present on a table for the same \`role\` and \`action\` (e.g. insert). Multiple permissive policies are suboptimal for performance as each policy must be executed for every relevant query.,"Table \`public.user_achievement_progress\` has multiple permissive policies for role \`authenticated\` for action \`DELETE\`. Policies include \`{""System can manage achievement progress"",user_achievement_progress_policy}\`",https://supabase.com/docs/guides/database/database-linter?lint=0006_multiple_permissive_policies,"{""name"":""user_achievement_progress"",""type"":""table"",""schema"":""public""}",multiple_permissive_policies_public_user_achievement_progress_authenticated_DELETE
multiple_permissive_policies,Multiple Permissive Policies,WARN,EXTERNAL,"[""PERFORMANCE""]",Detects if multiple permissive row level security policies are present on a table for the same \`role\` and \`action\` (e.g. insert). Multiple permissive policies are suboptimal for performance as each policy must be executed for every relevant query.,"Table \`public.user_achievement_progress\` has multiple permissive policies for role \`authenticated\` for action \`INSERT\`. Policies include \`{""System can manage achievement progress"",user_achievement_progress_policy}\`",https://supabase.com/docs/guides/database/database-linter?lint=0006_multiple_permissive_policies,"{""name"":""user_achievement_progress"",""type"":""table"",""schema"":""public""}",multiple_permissive_policies_public_user_achievement_progress_authenticated_INSERT
multiple_permissive_policies,Multiple Permissive Policies,WARN,EXTERNAL,"[""PERFORMANCE""]",Detects if multiple permissive row level security policies are present on a table for the same \`role\` and \`action\` (e.g. insert). Multiple permissive policies are suboptimal for performance as each policy must be executed for every relevant query.,"Table \`public.user_achievement_progress\` has multiple permissive policies for role \`authenticated\` for action \`SELECT\`. Policies include \`{""System can manage achievement progress"",""Users can view their own achievement progress"",user_achievement_progress_policy}\`",https://supabase.com/docs/guides/database/database-linter?lint=0006_multiple_permissive_policies,"{""name"":""user_achievement_progress"",""type"":""table"",""schema"":""public""}",multiple_permissive_policies_public_user_achievement_progress_authenticated_SELECT
multiple_permissive_policies,Multiple Permissive Policies,WARN,EXTERNAL,"[""PERFORMANCE""]",Detects if multiple permissive row level security policies are present on a table for the same \`role\` and \`action\` (e.g. insert). Multiple permissive policies are suboptimal for performance as each policy must be executed for every relevant query.,"Table \`public.user_achievement_progress\` has multiple permissive policies for role \`authenticated\` for action \`UPDATE\`. Policies include \`{""System can manage achievement progress"",user_achievement_progress_policy}\`",https://supabase.com/docs/guides/database/database-linter?lint=0006_multiple_permissive_policies,"{""name"":""user_achievement_progress"",""type"":""table"",""schema"":""public""}",multiple_permissive_policies_public_user_achievement_progress_authenticated_UPDATE
multiple_permissive_policies,Multiple Permissive Policies,WARN,EXTERNAL,"[""PERFORMANCE""]",Detects if multiple permissive row level security policies are present on a table for the same \`role\` and \`action\` (e.g. insert). Multiple permissive policies are suboptimal for performance as each policy must be executed for every relevant query.,"Table \`public.user_achievements\` has multiple permissive policies for role \`authenticated\` for action \`SELECT\`. Policies include \`{""Users can view others' achievements"",""Users can view their own achievements"",user_achievements_policy}\`",https://supabase.com/docs/guides/database/database-linter?lint=0006_multiple_permissive_policies,"{""name"":""user_achievements"",""type"":""table"",""schema"":""public""}",multiple_permissive_policies_public_user_achievements_authenticated_SELECT
multiple_permissive_policies,Multiple Permissive Policies,WARN,EXTERNAL,"[""PERFORMANCE""]",Detects if multiple permissive row level security policies are present on a table for the same \`role\` and \`action\` (e.g. insert). Multiple permissive policies are suboptimal for performance as each policy must be executed for every relevant query.,"Table \`public.user_certifications\` has multiple permissive policies for role \`authenticated\` for action \`DELETE\`. Policies include \`{""Users can manage their own certifications"",user_certifications_policy}\`",https://supabase.com/docs/guides/database/database-linter?lint=0006_multiple_permissive_policies,"{""name"":""user_certifications"",""type"":""table"",""schema"":""public""}",multiple_permissive_policies_public_user_certifications_authenticated_DELETE
multiple_permissive_policies,Multiple Permissive Policies,WARN,EXTERNAL,"[""PERFORMANCE""]",Detects if multiple permissive row level security policies are present on a table for the same \`role\` and \`action\` (e.g. insert). Multiple permissive policies are suboptimal for performance as each policy must be executed for every relevant query.,"Table \`public.user_certifications\` has multiple permissive policies for role \`authenticated\` for action \`INSERT\`. Policies include \`{""Users can manage their own certifications"",user_certifications_policy}\`",https://supabase.com/docs/guides/database/database-linter?lint=0006_multiple_permissive_policies,"{""name"":""user_certifications"",""type"":""table"",""schema"":""public""}",multiple_permissive_policies_public_user_certifications_authenticated_INSERT
multiple_permissive_policies,Multiple Permissive Policies,WARN,EXTERNAL,"[""PERFORMANCE""]",Detects if multiple permissive row level security policies are present on a table for the same \`role\` and \`action\` (e.g. insert). Multiple permissive policies are suboptimal for performance as each policy must be executed for every relevant query.,"Table \`public.user_certifications\` has multiple permissive policies for role \`authenticated\` for action \`SELECT\`. Policies include \`{""Users can manage their own certifications"",""Users can view their own certifications"",user_certifications_policy}\`",https://supabase.com/docs/guides/database/database-linter?lint=0006_multiple_permissive_policies,"{""name"":""user_certifications"",""type"":""table"",""schema"":""public""}",multiple_permissive_policies_public_user_certifications_authenticated_SELECT
multiple_permissive_policies,Multiple Permissive Policies,WARN,EXTERNAL,"[""PERFORMANCE""]",Detects if multiple permissive row level security policies are present on a table for the same \`role\` and \`action\` (e.g. insert). Multiple permissive policies are suboptimal for performance as each policy must be executed for every relevant query.,"Table \`public.user_certifications\` has multiple permissive policies for role \`authenticated\` for action \`UPDATE\`. Policies include \`{""Users can manage their own certifications"",user_certifications_policy}\`",https://supabase.com/docs/guides/database/database-linter?lint=0006_multiple_permissive_policies,"{""name"":""user_certifications"",""type"":""table"",""schema"":""public""}",multiple_permissive_policies_public_user_certifications_authenticated_UPDATE
multiple_permissive_policies,Multiple Permissive Policies,WARN,EXTERNAL,"[""PERFORMANCE""]",Detects if multiple permissive row level security policies are present on a table for the same \`role\` and \`action\` (e.g. insert). Multiple permissive policies are suboptimal for performance as each policy must be executed for every relevant query.,"Table \`public.user_content_interactions\` has multiple permissive policies for role \`authenticated\` for action \`DELETE\`. Policies include \`{""Allow full access to own interactions"",""Users can manage their own interactions"",user_content_interactions_policy}\`",https://supabase.com/docs/guides/database/database-linter?lint=0006_multiple_permissive_policies,"{""name"":""user_content_interactions"",""type"":""table"",""schema"":""public""}",multiple_permissive_policies_public_user_content_interactions_authenticated_DELETE
multiple_permissive_policies,Multiple Permissive Policies,WARN,EXTERNAL,"[""PERFORMANCE""]",Detects if multiple permissive row level security policies are present on a table for the same \`role\` and \`action\` (e.g. insert). Multiple permissive policies are suboptimal for performance as each policy must be executed for every relevant query.,"Table \`public.user_content_interactions\` has multiple permissive policies for role \`authenticated\` for action \`INSERT\`. Policies include \`{""Allow full access to own interactions"",""Users can manage their own interactions"",user_content_interactions_policy}\`",https://supabase.com/docs/guides/database/database-linter?lint=0006_multiple_permissive_policies,"{""name"":""user_content_interactions"",""type"":""table"",""schema"":""public""}",multiple_permissive_policies_public_user_content_interactions_authenticated_INSERT
multiple_permissive_policies,Multiple Permissive Policies,WARN,EXTERNAL,"[""PERFORMANCE""]",Detects if multiple permissive row level security policies are present on a table for the same \`role\` and \`action\` (e.g. insert). Multiple permissive policies are suboptimal for performance as each policy must be executed for every relevant query.,"Table \`public.user_content_interactions\` has multiple permissive policies for role \`authenticated\` for action \`SELECT\`. Policies include \`{""Allow full access to own interactions"",""Users can manage their own interactions"",""Users can view their own interactions"",user_content_interactions_policy}\`",https://supabase.com/docs/guides/database/database-linter?lint=0006_multiple_permissive_policies,"{""name"":""user_content_interactions"",""type"":""table"",""schema"":""public""}",multiple_permissive_policies_public_user_content_interactions_authenticated_SELECT
multiple_permissive_policies,Multiple Permissive Policies,WARN,EXTERNAL,"[""PERFORMANCE""]",Detects if multiple permissive row level security policies are present on a table for the same \`role\` and \`action\` (e.g. insert). Multiple permissive policies are suboptimal for performance as each policy must be executed for every relevant query.,"Table \`public.user_content_interactions\` has multiple permissive policies for role \`authenticated\` for action \`UPDATE\`. Policies include \`{""Allow full access to own interactions"",""Users can manage their own interactions"",user_content_interactions_policy}\`",https://supabase.com/docs/guides/database/database-linter?lint=0006_multiple_permissive_policies,"{""name"":""user_content_interactions"",""type"":""table"",""schema"":""public""}",multiple_permissive_policies_public_user_content_interactions_authenticated_UPDATE
multiple_permissive_policies,Multiple Permissive Policies,WARN,EXTERNAL,"[""PERFORMANCE""]",Detects if multiple permissive row level security policies are present on a table for the same \`role\` and \`action\` (e.g. insert). Multiple permissive policies are suboptimal for performance as each policy must be executed for every relevant query.,"Table \`public.user_daily_activities\` has multiple permissive policies for role \`authenticated\` for action \`INSERT\`. Policies include \`{""Users can insert their own daily activities"",user_daily_activities_policy}\`",https://supabase.com/docs/guides/database/database-linter?lint=0006_multiple_permissive_policies,"{""name"":""user_daily_activities"",""type"":""table"",""schema"":""public""}",multiple_permissive_policies_public_user_daily_activities_authenticated_INSERT
multiple_permissive_policies,Multiple Permissive Policies,WARN,EXTERNAL,"[""PERFORMANCE""]",Detects if multiple permissive row level security policies are present on a table for the same \`role\` and \`action\` (e.g. insert). Multiple permissive policies are suboptimal for performance as each policy must be executed for every relevant query.,"Table \`public.user_daily_activities\` has multiple permissive policies for role \`authenticated\` for action \`SELECT\`. Policies include \`{""Users can view their own daily activities"",user_daily_activities_policy}\`",https://supabase.com/docs/guides/database/database-linter?lint=0006_multiple_permissive_policies,"{""name"":""user_daily_activities"",""type"":""table"",""schema"":""public""}",multiple_permissive_policies_public_user_daily_activities_authenticated_SELECT
multiple_permissive_policies,Multiple Permissive Policies,WARN,EXTERNAL,"[""PERFORMANCE""]",Detects if multiple permissive row level security policies are present on a table for the same \`role\` and \`action\` (e.g. insert). Multiple permissive policies are suboptimal for performance as each policy must be executed for every relevant query.,"Table \`public.user_daily_activities\` has multiple permissive policies for role \`authenticated\` for action \`UPDATE\`. Policies include \`{""Users can update their own daily activities"",user_daily_activities_policy}\`",https://supabase.com/docs/guides/database/database-linter?lint=0006_multiple_permissive_policies,"{""name"":""user_daily_activities"",""type"":""table"",""schema"":""public""}",multiple_permissive_policies_public_user_daily_activities_authenticated_UPDATE
multiple_permissive_policies,Multiple Permissive Policies,WARN,EXTERNAL,"[""PERFORMANCE""]",Detects if multiple permissive row level security policies are present on a table for the same \`role\` and \`action\` (e.g. insert). Multiple permissive policies are suboptimal for performance as each policy must be executed for every relevant query.,"Table \`public.user_goal_companies\` has multiple permissive policies for role \`authenticated\` for action \`DELETE\`. Policies include \`{""Allow full access to own data"",""Users can manage own goal companies""}\`",https://supabase.com/docs/guides/database/database-linter?lint=0006_multiple_permissive_policies,"{""name"":""user_goal_companies"",""type"":""table"",""schema"":""public""}",multiple_permissive_policies_public_user_goal_companies_authenticated_DELETE
multiple_permissive_policies,Multiple Permissive Policies,WARN,EXTERNAL,"[""PERFORMANCE""]",Detects if multiple permissive row level security policies are present on a table for the same \`role\` and \`action\` (e.g. insert). Multiple permissive policies are suboptimal for performance as each policy must be executed for every relevant query.,"Table \`public.user_goal_companies\` has multiple permissive policies for role \`authenticated\` for action \`INSERT\`. Policies include \`{""Allow full access to own data"",""Users can manage own goal companies""}\`",https://supabase.com/docs/guides/database/database-linter?lint=0006_multiple_permissive_policies,"{""name"":""user_goal_companies"",""type"":""table"",""schema"":""public""}",multiple_permissive_policies_public_user_goal_companies_authenticated_INSERT
multiple_permissive_policies,Multiple Permissive Policies,WARN,EXTERNAL,"[""PERFORMANCE""]",Detects if multiple permissive row level security policies are present on a table for the same \`role\` and \`action\` (e.g. insert). Multiple permissive policies are suboptimal for performance as each policy must be executed for every relevant query.,"Table \`public.user_goal_companies\` has multiple permissive policies for role \`authenticated\` for action \`SELECT\`. Policies include \`{""Allow full access to own data"",""Users can manage own goal companies""}\`",https://supabase.com/docs/guides/database/database-linter?lint=0006_multiple_permissive_policies,"{""name"":""user_goal_companies"",""type"":""table"",""schema"":""public""}",multiple_permissive_policies_public_user_goal_companies_authenticated_SELECT
multiple_permissive_policies,Multiple Permissive Policies,WARN,EXTERNAL,"[""PERFORMANCE""]",Detects if multiple permissive row level security policies are present on a table for the same \`role\` and \`action\` (e.g. insert). Multiple permissive policies are suboptimal for performance as each policy must be executed for every relevant query.,"Table \`public.user_goal_companies\` has multiple permissive policies for role \`authenticated\` for action \`UPDATE\`. Policies include \`{""Allow full access to own data"",""Users can manage own goal companies""}\`",https://supabase.com/docs/guides/database/database-linter?lint=0006_multiple_permissive_policies,"{""name"":""user_goal_companies"",""type"":""table"",""schema"":""public""}",multiple_permissive_policies_public_user_goal_companies_authenticated_UPDATE
multiple_permissive_policies,Multiple Permissive Policies,WARN,EXTERNAL,"[""PERFORMANCE""]",Detects if multiple permissive row level security policies are present on a table for the same \`role\` and \`action\` (e.g. insert). Multiple permissive policies are suboptimal for performance as each policy must be executed for every relevant query.,"Table \`public.user_languages\` has multiple permissive policies for role \`authenticated\` for action \`DELETE\`. Policies include \`{""Users can manage their own languages"",user_languages_policy}\`",https://supabase.com/docs/guides/database/database-linter?lint=0006_multiple_permissive_policies,"{""name"":""user_languages"",""type"":""table"",""schema"":""public""}",multiple_permissive_policies_public_user_languages_authenticated_DELETE
multiple_permissive_policies,Multiple Permissive Policies,WARN,EXTERNAL,"[""PERFORMANCE""]",Detects if multiple permissive row level security policies are present on a table for the same \`role\` and \`action\` (e.g. insert). Multiple permissive policies are suboptimal for performance as each policy must be executed for every relevant query.,"Table \`public.user_languages\` has multiple permissive policies for role \`authenticated\` for action \`INSERT\`. Policies include \`{""Users can manage their own languages"",user_languages_policy}\`",https://supabase.com/docs/guides/database/database-linter?lint=0006_multiple_permissive_policies,"{""name"":""user_languages"",""type"":""table"",""schema"":""public""}",multiple_permissive_policies_public_user_languages_authenticated_INSERT
multiple_permissive_policies,Multiple Permissive Policies,WARN,EXTERNAL,"[""PERFORMANCE""]",Detects if multiple permissive row level security policies are present on a table for the same \`role\` and \`action\` (e.g. insert). Multiple permissive policies are suboptimal for performance as each policy must be executed for every relevant query.,"Table \`public.user_languages\` has multiple permissive policies for role \`authenticated\` for action \`SELECT\`. Policies include \`{""Public can view languages"",""Users can manage their own languages"",user_languages_policy}\`",https://supabase.com/docs/guides/database/database-linter?lint=0006_multiple_permissive_policies,"{""name"":""user_languages"",""type"":""table"",""schema"":""public""}",multiple_permissive_policies_public_user_languages_authenticated_SELECT
multiple_permissive_policies,Multiple Permissive Policies,WARN,EXTERNAL,"[""PERFORMANCE""]",Detects if multiple permissive row level security policies are present on a table for the same \`role\` and \`action\` (e.g. insert). Multiple permissive policies are suboptimal for performance as each policy must be executed for every relevant query.,"Table \`public.user_languages\` has multiple permissive policies for role \`authenticated\` for action \`UPDATE\`. Policies include \`{""Users can manage their own languages"",user_languages_policy}\`",https://supabase.com/docs/guides/database/database-linter?lint=0006_multiple_permissive_policies,"{""name"":""user_languages"",""type"":""table"",""schema"":""public""}",multiple_permissive_policies_public_user_languages_authenticated_UPDATE
multiple_permissive_policies,Multiple Permissive Policies,WARN,EXTERNAL,"[""PERFORMANCE""]",Detects if multiple permissive row level security policies are present on a table for the same \`role\` and \`action\` (e.g. insert). Multiple permissive policies are suboptimal for performance as each policy must be executed for every relevant query.,"Table \`public.user_learning_analytics\` has multiple permissive policies for role \`authenticated\` for action \`DELETE\`. Policies include \`{""System can update analytics"",user_learning_analytics_policy}\`",https://supabase.com/docs/guides/database/database-linter?lint=0006_multiple_permissive_policies,"{""name"":""user_learning_analytics"",""type"":""table"",""schema"":""public""}",multiple_permissive_policies_public_user_learning_analytics_authenticated_DELETE
multiple_permissive_policies,Multiple Permissive Policies,WARN,EXTERNAL,"[""PERFORMANCE""]",Detects if multiple permissive row level security policies are present on a table for the same \`role\` and \`action\` (e.g. insert). Multiple permissive policies are suboptimal for performance as each policy must be executed for every relevant query.,"Table \`public.user_learning_analytics\` has multiple permissive policies for role \`authenticated\` for action \`INSERT\`. Policies include \`{""System can update analytics"",user_learning_analytics_policy}\`",https://supabase.com/docs/guides/database/database-linter?lint=0006_multiple_permissive_policies,"{""name"":""user_learning_analytics"",""type"":""table"",""schema"":""public""}",multiple_permissive_policies_public_user_learning_analytics_authenticated_INSERT
multiple_permissive_policies,Multiple Permissive Policies,WARN,EXTERNAL,"[""PERFORMANCE""]",Detects if multiple permissive row level security policies are present on a table for the same \`role\` and \`action\` (e.g. insert). Multiple permissive policies are suboptimal for performance as each policy must be executed for every relevant query.,"Table \`public.user_learning_analytics\` has multiple permissive policies for role \`authenticated\` for action \`SELECT\`. Policies include \`{""System can update analytics"",""Users can view their own analytics"",user_learning_analytics_policy}\`",https://supabase.com/docs/guides/database/database-linter?lint=0006_multiple_permissive_policies,"{""name"":""user_learning_analytics"",""type"":""table"",""schema"":""public""}",multiple_permissive_policies_public_user_learning_analytics_authenticated_SELECT
multiple_permissive_policies,Multiple Permissive Policies,WARN,EXTERNAL,"[""PERFORMANCE""]",Detects if multiple permissive row level security policies are present on a table for the same \`role\` and \`action\` (e.g. insert). Multiple permissive policies are suboptimal for performance as each policy must be executed for every relevant query.,"Table \`public.user_learning_analytics\` has multiple permissive policies for role \`authenticated\` for action \`UPDATE\`. Policies include \`{""System can update analytics"",user_learning_analytics_policy}\`",https://supabase.com/docs/guides/database/database-linter?lint=0006_multiple_permissive_policies,"{""name"":""user_learning_analytics"",""type"":""table"",""schema"":""public""}",multiple_permissive_policies_public_user_learning_analytics_authenticated_UPDATE
multiple_permissive_policies,Multiple Permissive Policies,WARN,EXTERNAL,"[""PERFORMANCE""]",Detects if multiple permissive row level security policies are present on a table for the same \`role\` and \`action\` (e.g. insert). Multiple permissive policies are suboptimal for performance as each policy must be executed for every relevant query.,"Table \`public.user_learning_goals\` has multiple permissive policies for role \`authenticated\` for action \`DELETE\`. Policies include \`{""Users can manage their own learning goals"",user_learning_goals_policy}\`",https://supabase.com/docs/guides/database/database-linter?lint=0006_multiple_permissive_policies,"{""name"":""user_learning_goals"",""type"":""table"",""schema"":""public""}",multiple_permissive_policies_public_user_learning_goals_authenticated_DELETE
multiple_permissive_policies,Multiple Permissive Policies,WARN,EXTERNAL,"[""PERFORMANCE""]",Detects if multiple permissive row level security policies are present on a table for the same \`role\` and \`action\` (e.g. insert). Multiple permissive policies are suboptimal for performance as each policy must be executed for every relevant query.,"Table \`public.user_learning_goals\` has multiple permissive policies for role \`authenticated\` for action \`INSERT\`. Policies include \`{""Users can manage their own learning goals"",user_learning_goals_policy}\`",https://supabase.com/docs/guides/database/database-linter?lint=0006_multiple_permissive_policies,"{""name"":""user_learning_goals"",""type"":""table"",""schema"":""public""}",multiple_permissive_policies_public_user_learning_goals_authenticated_INSERT
multiple_permissive_policies,Multiple Permissive Policies,WARN,EXTERNAL,"[""PERFORMANCE""]",Detects if multiple permissive row level security policies are present on a table for the same \`role\` and \`action\` (e.g. insert). Multiple permissive policies are suboptimal for performance as each policy must be executed for every relevant query.,"Table \`public.user_learning_goals\` has multiple permissive policies for role \`authenticated\` for action \`SELECT\`. Policies include \`{""Users can manage their own learning goals"",""Users can view their own learning goals"",user_learning_goals_policy}\`",https://supabase.com/docs/guides/database/database-linter?lint=0006_multiple_permissive_policies,"{""name"":""user_learning_goals"",""type"":""table"",""schema"":""public""}",multiple_permissive_policies_public_user_learning_goals_authenticated_SELECT
multiple_permissive_policies,Multiple Permissive Policies,WARN,EXTERNAL,"[""PERFORMANCE""]",Detects if multiple permissive row level security policies are present on a table for the same \`role\` and \`action\` (e.g. insert). Multiple permissive policies are suboptimal for performance as each policy must be executed for every relevant query.,"Table \`public.user_learning_goals\` has multiple permissive policies for role \`authenticated\` for action \`UPDATE\`. Policies include \`{""Users can manage their own learning goals"",user_learning_goals_policy}\`",https://supabase.com/docs/guides/database/database-linter?lint=0006_multiple_permissive_policies,"{""name"":""user_learning_goals"",""type"":""table"",""schema"":""public""}",multiple_permissive_policies_public_user_learning_goals_authenticated_UPDATE
multiple_permissive_policies,Multiple Permissive Policies,WARN,EXTERNAL,"[""PERFORMANCE""]",Detects if multiple permissive row level security policies are present on a table for the same \`role\` and \`action\` (e.g. insert). Multiple permissive policies are suboptimal for performance as each policy must be executed for every relevant query.,"Table \`public.user_publications\` has multiple permissive policies for role \`authenticated\` for action \`DELETE\`. Policies include \`{""Users can manage their own publications"",user_publications_policy}\`",https://supabase.com/docs/guides/database/database-linter?lint=0006_multiple_permissive_policies,"{""name"":""user_publications"",""type"":""table"",""schema"":""public""}",multiple_permissive_policies_public_user_publications_authenticated_DELETE
multiple_permissive_policies,Multiple Permissive Policies,WARN,EXTERNAL,"[""PERFORMANCE""]",Detects if multiple permissive row level security policies are present on a table for the same \`role\` and \`action\` (e.g. insert). Multiple permissive policies are suboptimal for performance as each policy must be executed for every relevant query.,"Table \`public.user_publications\` has multiple permissive policies for role \`authenticated\` for action \`INSERT\`. Policies include \`{""Users can manage their own publications"",user_publications_policy}\`",https://supabase.com/docs/guides/database/database-linter?lint=0006_multiple_permissive_policies,"{""name"":""user_publications"",""type"":""table"",""schema"":""public""}",multiple_permissive_policies_public_user_publications_authenticated_INSERT
multiple_permissive_policies,Multiple Permissive Policies,WARN,EXTERNAL,"[""PERFORMANCE""]",Detects if multiple permissive row level security policies are present on a table for the same \`role\` and \`action\` (e.g. insert). Multiple permissive policies are suboptimal for performance as each policy must be executed for every relevant query.,"Table \`public.user_publications\` has multiple permissive policies for role \`authenticated\` for action \`SELECT\`. Policies include \`{""Public can view publications"",""Users can manage their own publications"",user_publications_policy}\`",https://supabase.com/docs/guides/database/database-linter?lint=0006_multiple_permissive_policies,"{""name"":""user_publications"",""type"":""table"",""schema"":""public""}",multiple_permissive_policies_public_user_publications_authenticated_SELECT
multiple_permissive_policies,Multiple Permissive Policies,WARN,EXTERNAL,"[""PERFORMANCE""]",Detects if multiple permissive row level security policies are present on a table for the same \`role\` and \`action\` (e.g. insert). Multiple permissive policies are suboptimal for performance as each policy must be executed for every relevant query.,"Table \`public.user_publications\` has multiple permissive policies for role \`authenticated\` for action \`UPDATE\`. Policies include \`{""Users can manage their own publications"",user_publications_policy}\`",https://supabase.com/docs/guides/database/database-linter?lint=0006_multiple_permissive_policies,"{""name"":""user_publications"",""type"":""table"",""schema"":""public""}",multiple_permissive_policies_public_user_publications_authenticated_UPDATE
multiple_permissive_policies,Multiple Permissive Policies,WARN,EXTERNAL,"[""PERFORMANCE""]",Detects if multiple permissive row level security policies are present on a table for the same \`role\` and \`action\` (e.g. insert). Multiple permissive policies are suboptimal for performance as each policy must be executed for every relevant query.,"Table \`public.user_skill_endorsements\` has multiple permissive policies for role \`authenticated\` for action \`DELETE\`. Policies include \`{""Users can manage their own endorsements"",user_skill_endorsements_policy}\`",https://supabase.com/docs/guides/database/database-linter?lint=0006_multiple_permissive_policies,"{""name"":""user_skill_endorsements"",""type"":""table"",""schema"":""public""}",multiple_permissive_policies_public_user_skill_endorsements_authenticated_DELETE
multiple_permissive_policies,Multiple Permissive Policies,WARN,EXTERNAL,"[""PERFORMANCE""]",Detects if multiple permissive row level security policies are present on a table for the same \`role\` and \`action\` (e.g. insert). Multiple permissive policies are suboptimal for performance as each policy must be executed for every relevant query.,"Table \`public.user_skill_endorsements\` has multiple permissive policies for role \`authenticated\` for action \`INSERT\`. Policies include \`{""Users can endorse others' skills"",user_skill_endorsements_policy}\`",https://supabase.com/docs/guides/database/database-linter?lint=0006_multiple_permissive_policies,"{""name"":""user_skill_endorsements"",""type"":""table"",""schema"":""public""}",multiple_permissive_policies_public_user_skill_endorsements_authenticated_INSERT
multiple_permissive_policies,Multiple Permissive Policies,WARN,EXTERNAL,"[""PERFORMANCE""]",Detects if multiple permissive row level security policies are present on a table for the same \`role\` and \`action\` (e.g. insert). Multiple permissive policies are suboptimal for performance as each policy must be executed for every relevant query.,"Table \`public.user_skill_endorsements\` has multiple permissive policies for role \`authenticated\` for action \`SELECT\`. Policies include \`{""Users can view endorsements"",user_skill_endorsements_policy}\`",https://supabase.com/docs/guides/database/database-linter?lint=0006_multiple_permissive_policies,"{""name"":""user_skill_endorsements"",""type"":""table"",""schema"":""public""}",multiple_permissive_policies_public_user_skill_endorsements_authenticated_SELECT
multiple_permissive_policies,Multiple Permissive Policies,WARN,EXTERNAL,"[""PERFORMANCE""]",Detects if multiple permissive row level security policies are present on a table for the same \`role\` and \`action\` (e.g. insert). Multiple permissive policies are suboptimal for performance as each policy must be executed for every relevant query.,"Table \`public.user_skills\` has multiple permissive policies for role \`authenticated\` for action \`DELETE\`. Policies include \`{""Users can manage their own skills"",user_skills_policy}\`",https://supabase.com/docs/guides/database/database-linter?lint=0006_multiple_permissive_policies,"{""name"":""user_skills"",""type"":""table"",""schema"":""public""}",multiple_permissive_policies_public_user_skills_authenticated_DELETE
multiple_permissive_policies,Multiple Permissive Policies,WARN,EXTERNAL,"[""PERFORMANCE""]",Detects if multiple permissive row level security policies are present on a table for the same \`role\` and \`action\` (e.g. insert). Multiple permissive policies are suboptimal for performance as each policy must be executed for every relevant query.,"Table \`public.user_skills\` has multiple permissive policies for role \`authenticated\` for action \`INSERT\`. Policies include \`{""Users can manage their own skills"",user_skills_policy}\`",https://supabase.com/docs/guides/database/database-linter?lint=0006_multiple_permissive_policies,"{""name"":""user_skills"",""type"":""table"",""schema"":""public""}",multiple_permissive_policies_public_user_skills_authenticated_INSERT
multiple_permissive_policies,Multiple Permissive Policies,WARN,EXTERNAL,"[""PERFORMANCE""]",Detects if multiple permissive row level security policies are present on a table for the same \`role\` and \`action\` (e.g. insert). Multiple permissive policies are suboptimal for performance as each policy must be executed for every relevant query.,"Table \`public.user_skills\` has multiple permissive policies for role \`authenticated\` for action \`SELECT\`. Policies include \`{""Public can view skills"",""Users can manage their own skills"",""Users can view their own skills"",user_skills_policy}\`",https://supabase.com/docs/guides/database/database-linter?lint=0006_multiple_permissive_policies,"{""name"":""user_skills"",""type"":""table"",""schema"":""public""}",multiple_permissive_policies_public_user_skills_authenticated_SELECT
multiple_permissive_policies,Multiple Permissive Policies,WARN,EXTERNAL,"[""PERFORMANCE""]",Detects if multiple permissive row level security policies are present on a table for the same \`role\` and \`action\` (e.g. insert). Multiple permissive policies are suboptimal for performance as each policy must be executed for every relevant query.,"Table \`public.user_skills\` has multiple permissive policies for role \`authenticated\` for action \`UPDATE\`. Policies include \`{""Users can manage their own skills"",user_skills_policy}\`",https://supabase.com/docs/guides/database/database-linter?lint=0006_multiple_permissive_policies,"{""name"":""user_skills"",""type"":""table"",""schema"":""public""}",multiple_permissive_policies_public_user_skills_authenticated_UPDATE
multiple_permissive_policies,Multiple Permissive Policies,WARN,EXTERNAL,"[""PERFORMANCE""]",Detects if multiple permissive row level security policies are present on a table for the same \`role\` and \`action\` (e.g. insert). Multiple permissive policies are suboptimal for performance as each policy must be executed for every relevant query.,"Table \`public.user_streaks\` has multiple permissive policies for role \`authenticated\` for action \`DELETE\`. Policies include \`{""Users can delete their own streaks"",user_streaks_policy}\`",https://supabase.com/docs/guides/database/database-linter?lint=0006_multiple_permissive_policies,"{""name"":""user_streaks"",""type"":""table"",""schema"":""public""}",multiple_permissive_policies_public_user_streaks_authenticated_DELETE
multiple_permissive_policies,Multiple Permissive Policies,WARN,EXTERNAL,"[""PERFORMANCE""]",Detects if multiple permissive row level security policies are present on a table for the same \`role\` and \`action\` (e.g. insert). Multiple permissive policies are suboptimal for performance as each policy must be executed for every relevant query.,"Table \`public.user_streaks\` has multiple permissive policies for role \`authenticated\` for action \`INSERT\`. Policies include \`{""Users can insert their own streaks"",user_streaks_policy}\`",https://supabase.com/docs/guides/database/database-linter?lint=0006_multiple_permissive_policies,"{""name"":""user_streaks"",""type"":""table"",""schema"":""public""}",multiple_permissive_policies_public_user_streaks_authenticated_INSERT
multiple_permissive_policies,Multiple Permissive Policies,WARN,EXTERNAL,"[""PERFORMANCE""]",Detects if multiple permissive row level security policies are present on a table for the same \`role\` and \`action\` (e.g. insert). Multiple permissive policies are suboptimal for performance as each policy must be executed for every relevant query.,"Table \`public.user_streaks\` has multiple permissive policies for role \`authenticated\` for action \`SELECT\`. Policies include \`{""Users can view their own streaks"",user_streaks_policy}\`",https://supabase.com/docs/guides/database/database-linter?lint=0006_multiple_permissive_policies,"{""name"":""user_streaks"",""type"":""table"",""schema"":""public""}",multiple_permissive_policies_public_user_streaks_authenticated_SELECT
multiple_permissive_policies,Multiple Permissive Policies,WARN,EXTERNAL,"[""PERFORMANCE""]",Detects if multiple permissive row level security policies are present on a table for the same \`role\` and \`action\` (e.g. insert). Multiple permissive policies are suboptimal for performance as each policy must be executed for every relevant query.,"Table \`public.user_streaks\` has multiple permissive policies for role \`authenticated\` for action \`UPDATE\`. Policies include \`{""Users can update their own streaks"",user_streaks_policy}\`",https://supabase.com/docs/guides/database/database-linter?lint=0006_multiple_permissive_policies,"{""name"":""user_streaks"",""type"":""table"",""schema"":""public""}",multiple_permissive_policies_public_user_streaks_authenticated_UPDATE
multiple_permissive_policies,Multiple Permissive Policies,WARN,EXTERNAL,"[""PERFORMANCE""]",Detects if multiple permissive row level security policies are present on a table for the same \`role\` and \`action\` (e.g. insert). Multiple permissive policies are suboptimal for performance as each policy must be executed for every relevant query.,"Table \`public.xp_ledger\` has multiple permissive policies for role \`authenticated\` for action \`INSERT\`. Policies include \`{""Users can create own XP entries"",""Users can insert their own XP records"",xp_ledger_insert_none}\`",https://supabase.com/docs/guides/database/database-linter?lint=0006_multiple_permissive_policies,"{""name"":""xp_ledger"",""type"":""table"",""schema"":""public""}",multiple_permissive_policies_public_xp_ledger_authenticated_INSERT
multiple_permissive_policies,Multiple Permissive Policies,WARN,EXTERNAL,"[""PERFORMANCE""]",Detects if multiple permissive row level security policies are present on a table for the same \`role\` and \`action\` (e.g. insert). Multiple permissive policies are suboptimal for performance as each policy must be executed for every relevant query.,"Table \`public.xp_ledger\` has multiple permissive policies for role \`authenticated\` for action \`SELECT\`. Policies include \`{""Users can view their own XP records"",""XP ledger is publicly readable"",xp_ledger_policy,xp_ledger_select_own}\`",https://supabase.com/docs/guides/database/database-linter?lint=0006_multiple_permissive_policies,"{""name"":""xp_ledger"",""type"":""table"",""schema"":""public""}",multiple_permissive_policies_public_xp_ledger_authenticated_SELECT
multiple_permissive_policies,Multiple Permissive Policies,WARN,EXTERNAL,"[""PERFORMANCE""]",Detects if multiple permissive row level security policies are present on a table for the same \`role\` and \`action\` (e.g. insert). Multiple permissive policies are suboptimal for performance as each policy must be executed for every relevant query.,"Table \`public.achievements\` has multiple permissive policies for role \`authenticator\` for action \`SELECT\`. Policies include \`{""Anyone can view active achievements"",""Anyone can view secret achievements they've unlocked""}\`",https://supabase.com/docs/guides/database/database-linter?lint=0006_multiple_permissive_policies,"{""name"":""achievements"",""type"":""table"",""schema"":""public""}",multiple_permissive_policies_public_achievements_authenticator_SELECT
multiple_permissive_policies,Multiple Permissive Policies,WARN,EXTERNAL,"[""PERFORMANCE""]",Detects if multiple permissive row level security policies are present on a table for the same \`role\` and \`action\` (e.g. insert). Multiple permissive policies are suboptimal for performance as each policy must be executed for every relevant query.,"Table \`public.book_likes\` has multiple permissive policies for role \`authenticator\` for action \`DELETE\`. Policies include \`{""Allow full access to own likes"",""Users can delete their own book likes""}\`",https://supabase.com/docs/guides/database/database-linter?lint=0006_multiple_permissive_policies,"{""name"":""book_likes"",""type"":""table"",""schema"":""public""}",multiple_permissive_policies_public_book_likes_authenticator_DELETE
multiple_permissive_policies,Multiple Permissive Policies,WARN,EXTERNAL,"[""PERFORMANCE""]",Detects if multiple permissive row level security policies are present on a table for the same \`role\` and \`action\` (e.g. insert). Multiple permissive policies are suboptimal for performance as each policy must be executed for every relevant query.,"Table \`public.book_likes\` has multiple permissive policies for role \`authenticator\` for action \`INSERT\`. Policies include \`{""Allow full access to own likes"",""Users can insert their own book likes""}\`",https://supabase.com/docs/guides/database/database-linter?lint=0006_multiple_permissive_policies,"{""name"":""book_likes"",""type"":""table"",""schema"":""public""}",multiple_permissive_policies_public_book_likes_authenticator_INSERT
multiple_permissive_policies,Multiple Permissive Policies,WARN,EXTERNAL,"[""PERFORMANCE""]",Detects if multiple permissive row level security policies are present on a table for the same \`role\` and \`action\` (e.g. insert). Multiple permissive policies are suboptimal for performance as each policy must be executed for every relevant query.,"Table \`public.book_likes\` has multiple permissive policies for role \`authenticator\` for action \`SELECT\`. Policies include \`{""Allow full access to own likes"",""Users can view their own book likes""}\`",https://supabase.com/docs/guides/database/database-linter?lint=0006_multiple_permissive_policies,"{""name"":""book_likes"",""type"":""table"",""schema"":""public""}",multiple_permissive_policies_public_book_likes_authenticator_SELECT
multiple_permissive_policies,Multiple Permissive Policies,WARN,EXTERNAL,"[""PERFORMANCE""]",Detects if multiple permissive row level security policies are present on a table for the same \`role\` and \`action\` (e.g. insert). Multiple permissive policies are suboptimal for performance as each policy must be executed for every relevant query.,"Table \`public.book_saves\` has multiple permissive policies for role \`authenticator\` for action \`DELETE\`. Policies include \`{""Allow full access to own saves"",""Users can delete their own book saves""}\`",https://supabase.com/docs/guides/database/database-linter?lint=0006_multiple_permissive_policies,"{""name"":""book_saves"",""type"":""table"",""schema"":""public""}",multiple_permissive_policies_public_book_saves_authenticator_DELETE
multiple_permissive_policies,Multiple Permissive Policies,WARN,EXTERNAL,"[""PERFORMANCE""]",Detects if multiple permissive row level security policies are present on a table for the same \`role\` and \`action\` (e.g. insert). Multiple permissive policies are suboptimal for performance as each policy must be executed for every relevant query.,"Table \`public.book_saves\` has multiple permissive policies for role \`authenticator\` for action \`INSERT\`. Policies include \`{""Allow full access to own saves"",""Users can insert their own book saves""}\`",https://supabase.com/docs/guides/database/database-linter?lint=0006_multiple_permissive_policies,"{""name"":""book_saves"",""type"":""table"",""schema"":""public""}",multiple_permissive_policies_public_book_saves_authenticator_INSERT
multiple_permissive_policies,Multiple Permissive Policies,WARN,EXTERNAL,"[""PERFORMANCE""]",Detects if multiple permissive row level security policies are present on a table for the same \`role\` and \`action\` (e.g. insert). Multiple permissive policies are suboptimal for performance as each policy must be executed for every relevant query.,"Table \`public.book_saves\` has multiple permissive policies for role \`authenticator\` for action \`SELECT\`. Policies include \`{""Allow full access to own saves"",""Users can view their own book saves""}\`",https://supabase.com/docs/guides/database/database-linter?lint=0006_multiple_permissive_policies,"{""name"":""book_saves"",""type"":""table"",""schema"":""public""}",multiple_permissive_policies_public_book_saves_authenticator_SELECT
multiple_permissive_policies,Multiple Permissive Policies,WARN,EXTERNAL,"[""PERFORMANCE""]",Detects if multiple permissive row level security policies are present on a table for the same \`role\` and \`action\` (e.g. insert). Multiple permissive policies are suboptimal for performance as each policy must be executed for every relevant query.,"Table \`public.content_views\` has multiple permissive policies for role \`authenticator\` for action \`INSERT\`. Policies include \`{""Allow full access to own views"",""Users can insert their own views""}\`",https://supabase.com/docs/guides/database/database-linter?lint=0006_multiple_permissive_policies,"{""name"":""content_views"",""type"":""table"",""schema"":""public""}",multiple_permissive_policies_public_content_views_authenticator_INSERT
multiple_permissive_policies,Multiple Permissive Policies,WARN,EXTERNAL,"[""PERFORMANCE""]",Detects if multiple permissive row level security policies are present on a table for the same \`role\` and \`action\` (e.g. insert). Multiple permissive policies are suboptimal for performance as each policy must be executed for every relevant query.,"Table \`public.content_views\` has multiple permissive policies for role \`authenticator\` for action \`SELECT\`. Policies include \`{""Allow full access to own views"",""Users can view their own views""}\`",https://supabase.com/docs/guides/database/database-linter?lint=0006_multiple_permissive_policies,"{""name"":""content_views"",""type"":""table"",""schema"":""public""}",multiple_permissive_policies_public_content_views_authenticator_SELECT
multiple_permissive_policies,Multiple Permissive Policies,WARN,EXTERNAL,"[""PERFORMANCE""]",Detects if multiple permissive row level security policies are present on a table for the same \`role\` and \`action\` (e.g. insert). Multiple permissive policies are suboptimal for performance as each policy must be executed for every relevant query.,"Table \`public.learning_sessions\` has multiple permissive policies for role \`authenticator\` for action \`DELETE\`. Policies include \`{""Allow full access to own sessions"",""Users can manage their own learning sessions""}\`",https://supabase.com/docs/guides/database/database-linter?lint=0006_multiple_permissive_policies,"{""name"":""learning_sessions"",""type"":""table"",""schema"":""public""}",multiple_permissive_policies_public_learning_sessions_authenticator_DELETE
multiple_permissive_policies,Multiple Permissive Policies,WARN,EXTERNAL,"[""PERFORMANCE""]",Detects if multiple permissive row level security policies are present on a table for the same \`role\` and \`action\` (e.g. insert). Multiple permissive policies are suboptimal for performance as each policy must be executed for every relevant query.,"Table \`public.learning_sessions\` has multiple permissive policies for role \`authenticator\` for action \`INSERT\`. Policies include \`{""Allow full access to own sessions"",""Users can manage their own learning sessions""}\`",https://supabase.com/docs/guides/database/database-linter?lint=0006_multiple_permissive_policies,"{""name"":""learning_sessions"",""type"":""table"",""schema"":""public""}",multiple_permissive_policies_public_learning_sessions_authenticator_INSERT
multiple_permissive_policies,Multiple Permissive Policies,WARN,EXTERNAL,"[""PERFORMANCE""]",Detects if multiple permissive row level security policies are present on a table for the same \`role\` and \`action\` (e.g. insert). Multiple permissive policies are suboptimal for performance as each policy must be executed for every relevant query.,"Table \`public.learning_sessions\` has multiple permissive policies for role \`authenticator\` for action \`SELECT\`. Policies include \`{""Allow full access to own sessions"",""Users can manage their own learning sessions"",""Users can view their own learning sessions""}\`",https://supabase.com/docs/guides/database/database-linter?lint=0006_multiple_permissive_policies,"{""name"":""learning_sessions"",""type"":""table"",""schema"":""public""}",multiple_permissive_policies_public_learning_sessions_authenticator_SELECT
multiple_permissive_policies,Multiple Permissive Policies,WARN,EXTERNAL,"[""PERFORMANCE""]",Detects if multiple permissive row level security policies are present on a table for the same \`role\` and \`action\` (e.g. insert). Multiple permissive policies are suboptimal for performance as each policy must be executed for every relevant query.,"Table \`public.learning_sessions\` has multiple permissive policies for role \`authenticator\` for action \`UPDATE\`. Policies include \`{""Allow full access to own sessions"",""Users can manage their own learning sessions""}\`",https://supabase.com/docs/guides/database/database-linter?lint=0006_multiple_permissive_policies,"{""name"":""learning_sessions"",""type"":""table"",""schema"":""public""}",multiple_permissive_policies_public_learning_sessions_authenticator_UPDATE
multiple_permissive_policies,Multiple Permissive Policies,WARN,EXTERNAL,"[""PERFORMANCE""]",Detects if multiple permissive row level security policies are present on a table for the same \`role\` and \`action\` (e.g. insert). Multiple permissive policies are suboptimal for performance as each policy must be executed for every relevant query.,"Table \`public.paper_saves\` has multiple permissive policies for role \`authenticator\` for action \`DELETE\`. Policies include \`{""Allow full access to own saves"",""Users can delete their own paper saves""}\`",https://supabase.com/docs/guides/database/database-linter?lint=0006_multiple_permissive_policies,"{""name"":""paper_saves"",""type"":""table"",""schema"":""public""}",multiple_permissive_policies_public_paper_saves_authenticator_DELETE
multiple_permissive_policies,Multiple Permissive Policies,WARN,EXTERNAL,"[""PERFORMANCE""]",Detects if multiple permissive row level security policies are present on a table for the same \`role\` and \`action\` (e.g. insert). Multiple permissive policies are suboptimal for performance as each policy must be executed for every relevant query.,"Table \`public.paper_saves\` has multiple permissive policies for role \`authenticator\` for action \`INSERT\`. Policies include \`{""Allow full access to own saves"",""Users can insert their own paper saves""}\`",https://supabase.com/docs/guides/database/database-linter?lint=0006_multiple_permissive_policies,"{""name"":""paper_saves"",""type"":""table"",""schema"":""public""}",multiple_permissive_policies_public_paper_saves_authenticator_INSERT
multiple_permissive_policies,Multiple Permissive Policies,WARN,EXTERNAL,"[""PERFORMANCE""]",Detects if multiple permissive row level security policies are present on a table for the same \`role\` and \`action\` (e.g. insert). Multiple permissive policies are suboptimal for performance as each policy must be executed for every relevant query.,"Table \`public.paper_saves\` has multiple permissive policies for role \`authenticator\` for action \`SELECT\`. Policies include \`{""Allow full access to own saves"",""Users can view their own paper saves""}\`",https://supabase.com/docs/guides/database/database-linter?lint=0006_multiple_permissive_policies,"{""name"":""paper_saves"",""type"":""table"",""schema"":""public""}",multiple_permissive_policies_public_paper_saves_authenticator_SELECT
multiple_permissive_policies,Multiple Permissive Policies,WARN,EXTERNAL,"[""PERFORMANCE""]",Detects if multiple permissive row level security policies are present on a table for the same \`role\` and \`action\` (e.g. insert). Multiple permissive policies are suboptimal for performance as each policy must be executed for every relevant query.,"Table \`public.profile_sections\` has multiple permissive policies for role \`authenticator\` for action \`SELECT\`. Policies include \`{""Users can manage their own profile sections"",""Users can view others' profile sections""}\`",https://supabase.com/docs/guides/database/database-linter?lint=0006_multiple_permissive_policies,"{""name"":""profile_sections"",""type"":""table"",""schema"":""public""}",multiple_permissive_policies_public_profile_sections_authenticator_SELECT
multiple_permissive_policies,Multiple Permissive Policies,WARN,EXTERNAL,"[""PERFORMANCE""]",Detects if multiple permissive row level security policies are present on a table for the same \`role\` and \`action\` (e.g. insert). Multiple permissive policies are suboptimal for performance as each policy must be executed for every relevant query.,"Table \`public.user_achievement_progress\` has multiple permissive policies for role \`authenticator\` for action \`SELECT\`. Policies include \`{""System can manage achievement progress"",""Users can view their own achievement progress""}\`",https://supabase.com/docs/guides/database/database-linter?lint=0006_multiple_permissive_policies,"{""name"":""user_achievement_progress"",""type"":""table"",""schema"":""public""}",multiple_permissive_policies_public_user_achievement_progress_authenticator_SELECT
multiple_permissive_policies,Multiple Permissive Policies,WARN,EXTERNAL,"[""PERFORMANCE""]",Detects if multiple permissive row level security policies are present on a table for the same \`role\` and \`action\` (e.g. insert). Multiple permissive policies are suboptimal for performance as each policy must be executed for every relevant query.,"Table \`public.user_achievements\` has multiple permissive policies for role \`authenticator\` for action \`SELECT\`. Policies include \`{""Users can view others' achievements"",""Users can view their own achievements""}\`",https://supabase.com/docs/guides/database/database-linter?lint=0006_multiple_permissive_policies,"{""name"":""user_achievements"",""type"":""table"",""schema"":""public""}",multiple_permissive_policies_public_user_achievements_authenticator_SELECT
multiple_permissive_policies,Multiple Permissive Policies,WARN,EXTERNAL,"[""PERFORMANCE""]",Detects if multiple permissive row level security policies are present on a table for the same \`role\` and \`action\` (e.g. insert). Multiple permissive policies are suboptimal for performance as each policy must be executed for every relevant query.,"Table \`public.user_certifications\` has multiple permissive policies for role \`authenticator\` for action \`SELECT\`. Policies include \`{""Users can manage their own certifications"",""Users can view their own certifications""}\`",https://supabase.com/docs/guides/database/database-linter?lint=0006_multiple_permissive_policies,"{""name"":""user_certifications"",""type"":""table"",""schema"":""public""}",multiple_permissive_policies_public_user_certifications_authenticator_SELECT
multiple_permissive_policies,Multiple Permissive Policies,WARN,EXTERNAL,"[""PERFORMANCE""]",Detects if multiple permissive row level security policies are present on a table for the same \`role\` and \`action\` (e.g. insert). Multiple permissive policies are suboptimal for performance as each policy must be executed for every relevant query.,"Table \`public.user_content_interactions\` has multiple permissive policies for role \`authenticator\` for action \`DELETE\`. Policies include \`{""Allow full access to own interactions"",""Users can manage their own interactions""}\`",https://supabase.com/docs/guides/database/database-linter?lint=0006_multiple_permissive_policies,"{""name"":""user_content_interactions"",""type"":""table"",""schema"":""public""}",multiple_permissive_policies_public_user_content_interactions_authenticator_DELETE
multiple_permissive_policies,Multiple Permissive Policies,WARN,EXTERNAL,"[""PERFORMANCE""]",Detects if multiple permissive row level security policies are present on a table for the same \`role\` and \`action\` (e.g. insert). Multiple permissive policies are suboptimal for performance as each policy must be executed for every relevant query.,"Table \`public.user_content_interactions\` has multiple permissive policies for role \`authenticator\` for action \`INSERT\`. Policies include \`{""Allow full access to own interactions"",""Users can manage their own interactions""}\`",https://supabase.com/docs/guides/database/database-linter?lint=0006_multiple_permissive_policies,"{""name"":""user_content_interactions"",""type"":""table"",""schema"":""public""}",multiple_permissive_policies_public_user_content_interactions_authenticator_INSERT
multiple_permissive_policies,Multiple Permissive Policies,WARN,EXTERNAL,"[""PERFORMANCE""]",Detects if multiple permissive row level security policies are present on a table for the same \`role\` and \`action\` (e.g. insert). Multiple permissive policies are suboptimal for performance as each policy must be executed for every relevant query.,"Table \`public.user_content_interactions\` has multiple permissive policies for role \`authenticator\` for action \`SELECT\`. Policies include \`{""Allow full access to own interactions"",""Users can manage their own interactions"",""Users can view their own interactions""}\`",https://supabase.com/docs/guides/database/database-linter?lint=0006_multiple_permissive_policies,"{""name"":""user_content_interactions"",""type"":""table"",""schema"":""public""}",multiple_permissive_policies_public_user_content_interactions_authenticator_SELECT
multiple_permissive_policies,Multiple Permissive Policies,WARN,EXTERNAL,"[""PERFORMANCE""]",Detects if multiple permissive row level security policies are present on a table for the same \`role\` and \`action\` (e.g. insert). Multiple permissive policies are suboptimal for performance as each policy must be executed for every relevant query.,"Table \`public.user_content_interactions\` has multiple permissive policies for role \`authenticator\` for action \`UPDATE\`. Policies include \`{""Allow full access to own interactions"",""Users can manage their own interactions""}\`",https://supabase.com/docs/guides/database/database-linter?lint=0006_multiple_permissive_policies,"{""name"":""user_content_interactions"",""type"":""table"",""schema"":""public""}",multiple_permissive_policies_public_user_content_interactions_authenticator_UPDATE
multiple_permissive_policies,Multiple Permissive Policies,WARN,EXTERNAL,"[""PERFORMANCE""]",Detects if multiple permissive row level security policies are present on a table for the same \`role\` and \`action\` (e.g. insert). Multiple permissive policies are suboptimal for performance as each policy must be executed for every relevant query.,"Table \`public.user_languages\` has multiple permissive policies for role \`authenticator\` for action \`SELECT\`. Policies include \`{""Public can view languages"",""Users can manage their own languages""}\`",https://supabase.com/docs/guides/database/database-linter?lint=0006_multiple_permissive_policies,"{""name"":""user_languages"",""type"":""table"",""schema"":""public""}",multiple_permissive_policies_public_user_languages_authenticator_SELECT
multiple_permissive_policies,Multiple Permissive Policies,WARN,EXTERNAL,"[""PERFORMANCE""]",Detects if multiple permissive row level security policies are present on a table for the same \`role\` and \`action\` (e.g. insert). Multiple permissive policies are suboptimal for performance as each policy must be executed for every relevant query.,"Table \`public.user_learning_analytics\` has multiple permissive policies for role \`authenticator\` for action \`SELECT\`. Policies include \`{""System can update analytics"",""Users can view their own analytics""}\`",https://supabase.com/docs/guides/database/database-linter?lint=0006_multiple_permissive_policies,"{""name"":""user_learning_analytics"",""type"":""table"",""schema"":""public""}",multiple_permissive_policies_public_user_learning_analytics_authenticator_SELECT
multiple_permissive_policies,Multiple Permissive Policies,WARN,EXTERNAL,"[""PERFORMANCE""]",Detects if multiple permissive row level security policies are present on a table for the same \`role\` and \`action\` (e.g. insert). Multiple permissive policies are suboptimal for performance as each policy must be executed for every relevant query.,"Table \`public.user_learning_goals\` has multiple permissive policies for role \`authenticator\` for action \`SELECT\`. Policies include \`{""Users can manage their own learning goals"",""Users can view their own learning goals""}\`",https://supabase.com/docs/guides/database/database-linter?lint=0006_multiple_permissive_policies,"{""name"":""user_learning_goals"",""type"":""table"",""schema"":""public""}",multiple_permissive_policies_public_user_learning_goals_authenticator_SELECT
multiple_permissive_policies,Multiple Permissive Policies,WARN,EXTERNAL,"[""PERFORMANCE""]",Detects if multiple permissive row level security policies are present on a table for the same \`role\` and \`action\` (e.g. insert). Multiple permissive policies are suboptimal for performance as each policy must be executed for every relevant query.,"Table \`public.user_publications\` has multiple permissive policies for role \`authenticator\` for action \`SELECT\`. Policies include \`{""Public can view publications"",""Users can manage their own publications""}\`",https://supabase.com/docs/guides/database/database-linter?lint=0006_multiple_permissive_policies,"{""name"":""user_publications"",""type"":""table"",""schema"":""public""}",multiple_permissive_policies_public_user_publications_authenticator_SELECT
multiple_permissive_policies,Multiple Permissive Policies,WARN,EXTERNAL,"[""PERFORMANCE""]",Detects if multiple permissive row level security policies are present on a table for the same \`role\` and \`action\` (e.g. insert). Multiple permissive policies are suboptimal for performance as each policy must be executed for every relevant query.,"Table \`public.user_skills\` has multiple permissive policies for role \`authenticator\` for action \`SELECT\`. Policies include \`{""Public can view skills"",""Users can manage their own skills"",""Users can view their own skills""}\`",https://supabase.com/docs/guides/database/database-linter?lint=0006_multiple_permissive_policies,"{""name"":""user_skills"",""type"":""table"",""schema"":""public""}",multiple_permissive_policies_public_user_skills_authenticator_SELECT
multiple_permissive_policies,Multiple Permissive Policies,WARN,EXTERNAL,"[""PERFORMANCE""]",Detects if multiple permissive row level security policies are present on a table for the same \`role\` and \`action\` (e.g. insert). Multiple permissive policies are suboptimal for performance as each policy must be executed for every relevant query.,"Table \`public.achievements\` has multiple permissive policies for role \`dashboard_user\` for action \`SELECT\`. Policies include \`{""Anyone can view active achievements"",""Anyone can view secret achievements they've unlocked""}\`",https://supabase.com/docs/guides/database/database-linter?lint=0006_multiple_permissive_policies,"{""name"":""achievements"",""type"":""table"",""schema"":""public""}",multiple_permissive_policies_public_achievements_dashboard_user_SELECT
multiple_permissive_policies,Multiple Permissive Policies,WARN,EXTERNAL,"[""PERFORMANCE""]",Detects if multiple permissive row level security policies are present on a table for the same \`role\` and \`action\` (e.g. insert). Multiple permissive policies are suboptimal for performance as each policy must be executed for every relevant query.,"Table \`public.book_likes\` has multiple permissive policies for role \`dashboard_user\` for action \`DELETE\`. Policies include \`{""Allow full access to own likes"",""Users can delete their own book likes""}\`",https://supabase.com/docs/guides/database/database-linter?lint=0006_multiple_permissive_policies,"{""name"":""book_likes"",""type"":""table"",""schema"":""public""}",multiple_permissive_policies_public_book_likes_dashboard_user_DELETE
multiple_permissive_policies,Multiple Permissive Policies,WARN,EXTERNAL,"[""PERFORMANCE""]",Detects if multiple permissive row level security policies are present on a table for the same \`role\` and \`action\` (e.g. insert). Multiple permissive policies are suboptimal for performance as each policy must be executed for every relevant query.,"Table \`public.book_likes\` has multiple permissive policies for role \`dashboard_user\` for action \`INSERT\`. Policies include \`{""Allow full access to own likes"",""Users can insert their own book likes""}\`",https://supabase.com/docs/guides/database/database-linter?lint=0006_multiple_permissive_policies,"{""name"":""book_likes"",""type"":""table"",""schema"":""public""}",multiple_permissive_policies_public_book_likes_dashboard_user_INSERT
multiple_permissive_policies,Multiple Permissive Policies,WARN,EXTERNAL,"[""PERFORMANCE""]",Detects if multiple permissive row level security policies are present on a table for the same \`role\` and \`action\` (e.g. insert). Multiple permissive policies are suboptimal for performance as each policy must be executed for every relevant query.,"Table \`public.book_likes\` has multiple permissive policies for role \`dashboard_user\` for action \`SELECT\`. Policies include \`{""Allow full access to own likes"",""Users can view their own book likes""}\`",https://supabase.com/docs/guides/database/database-linter?lint=0006_multiple_permissive_policies,"{""name"":""book_likes"",""type"":""table"",""schema"":""public""}",multiple_permissive_policies_public_book_likes_dashboard_user_SELECT
multiple_permissive_policies,Multiple Permissive Policies,WARN,EXTERNAL,"[""PERFORMANCE""]",Detects if multiple permissive row level security policies are present on a table for the same \`role\` and \`action\` (e.g. insert). Multiple permissive policies are suboptimal for performance as each policy must be executed for every relevant query.,"Table \`public.book_saves\` has multiple permissive policies for role \`dashboard_user\` for action \`DELETE\`. Policies include \`{""Allow full access to own saves"",""Users can delete their own book saves""}\`",https://supabase.com/docs/guides/database/database-linter?lint=0006_multiple_permissive_policies,"{""name"":""book_saves"",""type"":""table"",""schema"":""public""}",multiple_permissive_policies_public_book_saves_dashboard_user_DELETE
multiple_permissive_policies,Multiple Permissive Policies,WARN,EXTERNAL,"[""PERFORMANCE""]",Detects if multiple permissive row level security policies are present on a table for the same \`role\` and \`action\` (e.g. insert). Multiple permissive policies are suboptimal for performance as each policy must be executed for every relevant query.,"Table \`public.book_saves\` has multiple permissive policies for role \`dashboard_user\` for action \`INSERT\`. Policies include \`{""Allow full access to own saves"",""Users can insert their own book saves""}\`",https://supabase.com/docs/guides/database/database-linter?lint=0006_multiple_permissive_policies,"{""name"":""book_saves"",""type"":""table"",""schema"":""public""}",multiple_permissive_policies_public_book_saves_dashboard_user_INSERT
multiple_permissive_policies,Multiple Permissive Policies,WARN,EXTERNAL,"[""PERFORMANCE""]",Detects if multiple permissive row level security policies are present on a table for the same \`role\` and \`action\` (e.g. insert). Multiple permissive policies are suboptimal for performance as each policy must be executed for every relevant query.,"Table \`public.book_saves\` has multiple permissive policies for role \`dashboard_user\` for action \`SELECT\`. Policies include \`{""Allow full access to own saves"",""Users can view their own book saves""}\`",https://supabase.com/docs/guides/database/database-linter?lint=0006_multiple_permissive_policies,"{""name"":""book_saves"",""type"":""table"",""schema"":""public""}",multiple_permissive_policies_public_book_saves_dashboard_user_SELECT
multiple_permissive_policies,Multiple Permissive Policies,WARN,EXTERNAL,"[""PERFORMANCE""]",Detects if multiple permissive row level security policies are present on a table for the same \`role\` and \`action\` (e.g. insert). Multiple permissive policies are suboptimal for performance as each policy must be executed for every relevant query.,"Table \`public.content_views\` has multiple permissive policies for role \`dashboard_user\` for action \`INSERT\`. Policies include \`{""Allow full access to own views"",""Users can insert their own views""}\`",https://supabase.com/docs/guides/database/database-linter?lint=0006_multiple_permissive_policies,"{""name"":""content_views"",""type"":""table"",""schema"":""public""}",multiple_permissive_policies_public_content_views_dashboard_user_INSERT
multiple_permissive_policies,Multiple Permissive Policies,WARN,EXTERNAL,"[""PERFORMANCE""]",Detects if multiple permissive row level security policies are present on a table for the same \`role\` and \`action\` (e.g. insert). Multiple permissive policies are suboptimal for performance as each policy must be executed for every relevant query.,"Table \`public.content_views\` has multiple permissive policies for role \`dashboard_user\` for action \`SELECT\`. Policies include \`{""Allow full access to own views"",""Users can view their own views""}\`",https://supabase.com/docs/guides/database/database-linter?lint=0006_multiple_permissive_policies,"{""name"":""content_views"",""type"":""table"",""schema"":""public""}",multiple_permissive_policies_public_content_views_dashboard_user_SELECT
multiple_permissive_policies,Multiple Permissive Policies,WARN,EXTERNAL,"[""PERFORMANCE""]",Detects if multiple permissive row level security policies are present on a table for the same \`role\` and \`action\` (e.g. insert). Multiple permissive policies are suboptimal for performance as each policy must be executed for every relevant query.,"Table \`public.learning_sessions\` has multiple permissive policies for role \`dashboard_user\` for action \`DELETE\`. Policies include \`{""Allow full access to own sessions"",""Users can manage their own learning sessions""}\`",https://supabase.com/docs/guides/database/database-linter?lint=0006_multiple_permissive_policies,"{""name"":""learning_sessions"",""type"":""table"",""schema"":""public""}",multiple_permissive_policies_public_learning_sessions_dashboard_user_DELETE
multiple_permissive_policies,Multiple Permissive Policies,WARN,EXTERNAL,"[""PERFORMANCE""]",Detects if multiple permissive row level security policies are present on a table for the same \`role\` and \`action\` (e.g. insert). Multiple permissive policies are suboptimal for performance as each policy must be executed for every relevant query.,"Table \`public.learning_sessions\` has multiple permissive policies for role \`dashboard_user\` for action \`INSERT\`. Policies include \`{""Allow full access to own sessions"",""Users can manage their own learning sessions""}\`",https://supabase.com/docs/guides/database/database-linter?lint=0006_multiple_permissive_policies,"{""name"":""learning_sessions"",""type"":""table"",""schema"":""public""}",multiple_permissive_policies_public_learning_sessions_dashboard_user_INSERT
multiple_permissive_policies,Multiple Permissive Policies,WARN,EXTERNAL,"[""PERFORMANCE""]",Detects if multiple permissive row level security policies are present on a table for the same \`role\` and \`action\` (e.g. insert). Multiple permissive policies are suboptimal for performance as each policy must be executed for every relevant query.,"Table \`public.learning_sessions\` has multiple permissive policies for role \`dashboard_user\` for action \`SELECT\`. Policies include \`{""Allow full access to own sessions"",""Users can manage their own learning sessions"",""Users can view their own learning sessions""}\`",https://supabase.com/docs/guides/database/database-linter?lint=0006_multiple_permissive_policies,"{""name"":""learning_sessions"",""type"":""table"",""schema"":""public""}",multiple_permissive_policies_public_learning_sessions_dashboard_user_SELECT
multiple_permissive_policies,Multiple Permissive Policies,WARN,EXTERNAL,"[""PERFORMANCE""]",Detects if multiple permissive row level security policies are present on a table for the same \`role\` and \`action\` (e.g. insert). Multiple permissive policies are suboptimal for performance as each policy must be executed for every relevant query.,"Table \`public.learning_sessions\` has multiple permissive policies for role \`dashboard_user\` for action \`UPDATE\`. Policies include \`{""Allow full access to own sessions"",""Users can manage their own learning sessions""}\`",https://supabase.com/docs/guides/database/database-linter?lint=0006_multiple_permissive_policies,"{""name"":""learning_sessions"",""type"":""table"",""schema"":""public""}",multiple_permissive_policies_public_learning_sessions_dashboard_user_UPDATE
multiple_permissive_policies,Multiple Permissive Policies,WARN,EXTERNAL,"[""PERFORMANCE""]",Detects if multiple permissive row level security policies are present on a table for the same \`role\` and \`action\` (e.g. insert). Multiple permissive policies are suboptimal for performance as each policy must be executed for every relevant query.,"Table \`public.paper_saves\` has multiple permissive policies for role \`dashboard_user\` for action \`DELETE\`. Policies include \`{""Allow full access to own saves"",""Users can delete their own paper saves""}\`",https://supabase.com/docs/guides/database/database-linter?lint=0006_multiple_permissive_policies,"{""name"":""paper_saves"",""type"":""table"",""schema"":""public""}",multiple_permissive_policies_public_paper_saves_dashboard_user_DELETE
multiple_permissive_policies,Multiple Permissive Policies,WARN,EXTERNAL,"[""PERFORMANCE""]",Detects if multiple permissive row level security policies are present on a table for the same \`role\` and \`action\` (e.g. insert). Multiple permissive policies are suboptimal for performance as each policy must be executed for every relevant query.,"Table \`public.paper_saves\` has multiple permissive policies for role \`dashboard_user\` for action \`INSERT\`. Policies include \`{""Allow full access to own saves"",""Users can insert their own paper saves""}\`",https://supabase.com/docs/guides/database/database-linter?lint=0006_multiple_permissive_policies,"{""name"":""paper_saves"",""type"":""table"",""schema"":""public""}",multiple_permissive_policies_public_paper_saves_dashboard_user_INSERT
multiple_permissive_policies,Multiple Permissive Policies,WARN,EXTERNAL,"[""PERFORMANCE""]",Detects if multiple permissive row level security policies are present on a table for the same \`role\` and \`action\` (e.g. insert). Multiple permissive policies are suboptimal for performance as each policy must be executed for every relevant query.,"Table \`public.paper_saves\` has multiple permissive policies for role \`dashboard_user\` for action \`SELECT\`. Policies include \`{""Allow full access to own saves"",""Users can view their own paper saves""}\`",https://supabase.com/docs/guides/database/database-linter?lint=0006_multiple_permissive_policies,"{""name"":""paper_saves"",""type"":""table"",""schema"":""public""}",multiple_permissive_policies_public_paper_saves_dashboard_user_SELECT
multiple_permissive_policies,Multiple Permissive Policies,WARN,EXTERNAL,"[""PERFORMANCE""]",Detects if multiple permissive row level security policies are present on a table for the same \`role\` and \`action\` (e.g. insert). Multiple permissive policies are suboptimal for performance as each policy must be executed for every relevant query.,"Table \`public.profile_sections\` has multiple permissive policies for role \`dashboard_user\` for action \`SELECT\`. Policies include \`{""Users can manage their own profile sections"",""Users can view others' profile sections""}\`",https://supabase.com/docs/guides/database/database-linter?lint=0006_multiple_permissive_policies,"{""name"":""profile_sections"",""type"":""table"",""schema"":""public""}",multiple_permissive_policies_public_profile_sections_dashboard_user_SELECT
multiple_permissive_policies,Multiple Permissive Policies,WARN,EXTERNAL,"[""PERFORMANCE""]",Detects if multiple permissive row level security policies are present on a table for the same \`role\` and \`action\` (e.g. insert). Multiple permissive policies are suboptimal for performance as each policy must be executed for every relevant query.,"Table \`public.user_achievement_progress\` has multiple permissive policies for role \`dashboard_user\` for action \`SELECT\`. Policies include \`{""System can manage achievement progress"",""Users can view their own achievement progress""}\`",https://supabase.com/docs/guides/database/database-linter?lint=0006_multiple_permissive_policies,"{""name"":""user_achievement_progress"",""type"":""table"",""schema"":""public""}",multiple_permissive_policies_public_user_achievement_progress_dashboard_user_SELECT
multiple_permissive_policies,Multiple Permissive Policies,WARN,EXTERNAL,"[""PERFORMANCE""]",Detects if multiple permissive row level security policies are present on a table for the same \`role\` and \`action\` (e.g. insert). Multiple permissive policies are suboptimal for performance as each policy must be executed for every relevant query.,"Table \`public.user_achievements\` has multiple permissive policies for role \`dashboard_user\` for action \`SELECT\`. Policies include \`{""Users can view others' achievements"",""Users can view their own achievements""}\`",https://supabase.com/docs/guides/database/database-linter?lint=0006_multiple_permissive_policies,"{""name"":""user_achievements"",""type"":""table"",""schema"":""public""}",multiple_permissive_policies_public_user_achievements_dashboard_user_SELECT
multiple_permissive_policies,Multiple Permissive Policies,WARN,EXTERNAL,"[""PERFORMANCE""]",Detects if multiple permissive row level security policies are present on a table for the same \`role\` and \`action\` (e.g. insert). Multiple permissive policies are suboptimal for performance as each policy must be executed for every relevant query.,"Table \`public.user_certifications\` has multiple permissive policies for role \`dashboard_user\` for action \`SELECT\`. Policies include \`{""Users can manage their own certifications"",""Users can view their own certifications""}\`",https://supabase.com/docs/guides/database/database-linter?lint=0006_multiple_permissive_policies,"{""name"":""user_certifications"",""type"":""table"",""schema"":""public""}",multiple_permissive_policies_public_user_certifications_dashboard_user_SELECT
multiple_permissive_policies,Multiple Permissive Policies,WARN,EXTERNAL,"[""PERFORMANCE""]",Detects if multiple permissive row level security policies are present on a table for the same \`role\` and \`action\` (e.g. insert). Multiple permissive policies are suboptimal for performance as each policy must be executed for every relevant query.,"Table \`public.user_content_interactions\` has multiple permissive policies for role \`dashboard_user\` for action \`DELETE\`. Policies include \`{""Allow full access to own interactions"",""Users can manage their own interactions""}\`",https://supabase.com/docs/guides/database/database-linter?lint=0006_multiple_permissive_policies,"{""name"":""user_content_interactions"",""type"":""table"",""schema"":""public""}",multiple_permissive_policies_public_user_content_interactions_dashboard_user_DELETE
multiple_permissive_policies,Multiple Permissive Policies,WARN,EXTERNAL,"[""PERFORMANCE""]",Detects if multiple permissive row level security policies are present on a table for the same \`role\` and \`action\` (e.g. insert). Multiple permissive policies are suboptimal for performance as each policy must be executed for every relevant query.,"Table \`public.user_content_interactions\` has multiple permissive policies for role \`dashboard_user\` for action \`INSERT\`. Policies include \`{""Allow full access to own interactions"",""Users can manage their own interactions""}\`",https://supabase.com/docs/guides/database/database-linter?lint=0006_multiple_permissive_policies,"{""name"":""user_content_interactions"",""type"":""table"",""schema"":""public""}",multiple_permissive_policies_public_user_content_interactions_dashboard_user_INSERT
multiple_permissive_policies,Multiple Permissive Policies,WARN,EXTERNAL,"[""PERFORMANCE""]",Detects if multiple permissive row level security policies are present on a table for the same \`role\` and \`action\` (e.g. insert). Multiple permissive policies are suboptimal for performance as each policy must be executed for every relevant query.,"Table \`public.user_content_interactions\` has multiple permissive policies for role \`dashboard_user\` for action \`SELECT\`. Policies include \`{""Allow full access to own interactions"",""Users can manage their own interactions"",""Users can view their own interactions""}\`",https://supabase.com/docs/guides/database/database-linter?lint=0006_multiple_permissive_policies,"{""name"":""user_content_interactions"",""type"":""table"",""schema"":""public""}",multiple_permissive_policies_public_user_content_interactions_dashboard_user_SELECT
multiple_permissive_policies,Multiple Permissive Policies,WARN,EXTERNAL,"[""PERFORMANCE""]",Detects if multiple permissive row level security policies are present on a table for the same \`role\` and \`action\` (e.g. insert). Multiple permissive policies are suboptimal for performance as each policy must be executed for every relevant query.,"Table \`public.user_content_interactions\` has multiple permissive policies for role \`dashboard_user\` for action \`UPDATE\`. Policies include \`{""Allow full access to own interactions"",""Users can manage their own interactions""}\`",https://supabase.com/docs/guides/database/database-linter?lint=0006_multiple_permissive_policies,"{""name"":""user_content_interactions"",""type"":""table"",""schema"":""public""}",multiple_permissive_policies_public_user_content_interactions_dashboard_user_UPDATE
multiple_permissive_policies,Multiple Permissive Policies,WARN,EXTERNAL,"[""PERFORMANCE""]",Detects if multiple permissive row level security policies are present on a table for the same \`role\` and \`action\` (e.g. insert). Multiple permissive policies are suboptimal for performance as each policy must be executed for every relevant query.,"Table \`public.user_languages\` has multiple permissive policies for role \`dashboard_user\` for action \`SELECT\`. Policies include \`{""Public can view languages"",""Users can manage their own languages""}\`",https://supabase.com/docs/guides/database/database-linter?lint=0006_multiple_permissive_policies,"{""name"":""user_languages"",""type"":""table"",""schema"":""public""}",multiple_permissive_policies_public_user_languages_dashboard_user_SELECT
multiple_permissive_policies,Multiple Permissive Policies,WARN,EXTERNAL,"[""PERFORMANCE""]",Detects if multiple permissive row level security policies are present on a table for the same \`role\` and \`action\` (e.g. insert). Multiple permissive policies are suboptimal for performance as each policy must be executed for every relevant query.,"Table \`public.user_learning_analytics\` has multiple permissive policies for role \`dashboard_user\` for action \`SELECT\`. Policies include \`{""System can update analytics"",""Users can view their own analytics""}\`",https://supabase.com/docs/guides/database/database-linter?lint=0006_multiple_permissive_policies,"{""name"":""user_learning_analytics"",""type"":""table"",""schema"":""public""}",multiple_permissive_policies_public_user_learning_analytics_dashboard_user_SELECT
multiple_permissive_policies,Multiple Permissive Policies,WARN,EXTERNAL,"[""PERFORMANCE""]",Detects if multiple permissive row level security policies are present on a table for the same \`role\` and \`action\` (e.g. insert). Multiple permissive policies are suboptimal for performance as each policy must be executed for every relevant query.,"Table \`public.user_learning_goals\` has multiple permissive policies for role \`dashboard_user\` for action \`SELECT\`. Policies include \`{""Users can manage their own learning goals"",""Users can view their own learning goals""}\`",https://supabase.com/docs/guides/database/database-linter?lint=0006_multiple_permissive_policies,"{""name"":""user_learning_goals"",""type"":""table"",""schema"":""public""}",multiple_permissive_policies_public_user_learning_goals_dashboard_user_SELECT
multiple_permissive_policies,Multiple Permissive Policies,WARN,EXTERNAL,"[""PERFORMANCE""]",Detects if multiple permissive row level security policies are present on a table for the same \`role\` and \`action\` (e.g. insert). Multiple permissive policies are suboptimal for performance as each policy must be executed for every relevant query.,"Table \`public.user_publications\` has multiple permissive policies for role \`dashboard_user\` for action \`SELECT\`. Policies include \`{""Public can view publications"",""Users can manage their own publications""}\`",https://supabase.com/docs/guides/database/database-linter?lint=0006_multiple_permissive_policies,"{""name"":""user_publications"",""type"":""table"",""schema"":""public""}",multiple_permissive_policies_public_user_publications_dashboard_user_SELECT
multiple_permissive_policies,Multiple Permissive Policies,WARN,EXTERNAL,"[""PERFORMANCE""]",Detects if multiple permissive row level security policies are present on a table for the same \`role\` and \`action\` (e.g. insert). Multiple permissive policies are suboptimal for performance as each policy must be executed for every relevant query.,"Table \`public.user_skills\` has multiple permissive policies for role \`dashboard_user\` for action \`SELECT\`. Policies include \`{""Public can view skills"",""Users can manage their own skills"",""Users can view their own skills""}\`",https://supabase.com/docs/guides/database/database-linter?lint=0006_multiple_permissive_policies,"{""name"":""user_skills"",""type"":""table"",""schema"":""public""}",multiple_permissive_policies_public_user_skills_dashboard_user_SELECT
duplicate_index,Duplicate Index,WARN,EXTERNAL,"[""PERFORMANCE""]",Detects cases where two ore more identical indexes exist.,"Table \`public.insight_comments\` has identical indexes {idx_insight_comments_user_id,idx_insight_comments_user_id_auth}. Drop all except one of them",https://supabase.com/docs/guides/database/database-linter?lint=0009_duplicate_index,"{""name"":""insight_comments"",""type"":""table"",""schema"":""public"",""indexes"":[""idx_insight_comments_user_id"",""idx_insight_comments_user_id_auth""]}","duplicate_index_public_insight_comments_{idx_insight_comments_user_id,idx_insight_comments_user_id_auth}"
duplicate_index,Duplicate Index,WARN,EXTERNAL,"[""PERFORMANCE""]",Detects cases where two ore more identical indexes exist.,"Table \`public.insight_saves\` has identical indexes {idx_insight_saves_user_id,idx_insight_saves_user_id_auth}. Drop all except one of them",https://supabase.com/docs/guides/database/database-linter?lint=0009_duplicate_index,"{""name"":""insight_saves"",""type"":""table"",""schema"":""public"",""indexes"":[""idx_insight_saves_user_id"",""idx_insight_saves_user_id_auth""]}","duplicate_index_public_insight_saves_{idx_insight_saves_user_id,idx_insight_saves_user_id_auth}"
duplicate_index,Duplicate Index,WARN,EXTERNAL,"[""PERFORMANCE""]",Detects cases where two ore more identical indexes exist.,"Table \`public.profiles\` has identical indexes {idx_profiles_auth_uid,idx_profiles_id_auth}. Drop all except one of them",https://supabase.com/docs/guides/database/database-linter?lint=0009_duplicate_index,"{""name"":""profiles"",""type"":""table"",""schema"":""public"",""indexes"":[""idx_profiles_auth_uid"",""idx_profiles_id_auth""]}","duplicate_index_public_profiles_{idx_profiles_auth_uid,idx_profiles_id_auth}"
duplicate_index,Duplicate Index,WARN,EXTERNAL,"[""PERFORMANCE""]",Detects cases where two ore more identical indexes exist.,"Table \`public.quiz_attempts\` has identical indexes {idx_quiz_attempts_user_id,idx_quiz_attempts_user_id_auth}. Drop all except one of them",https://supabase.com/docs/guides/database/database-linter?lint=0009_duplicate_index,"{""name"":""quiz_attempts"",""type"":""table"",""schema"":""public"",""indexes"":[""idx_quiz_attempts_user_id"",""idx_quiz_attempts_user_id_auth""]}","duplicate_index_public_quiz_attempts_{idx_quiz_attempts_user_id,idx_quiz_attempts_user_id_auth}"
duplicate_index,Duplicate Index,WARN,EXTERNAL,"[""PERFORMANCE""]",Detects cases where two ore more identical indexes exist.,"Table \`public.user_education\` has identical indexes {idx_user_education_auth_uid,idx_user_education_user_id_auth}. Drop all except one of them",https://supabase.com/docs/guides/database/database-linter?lint=0009_duplicate_index,"{""name"":""user_education"",""type"":""table"",""schema"":""public"",""indexes"":[""idx_user_education_auth_uid"",""idx_user_education_user_id_auth""]}","duplicate_index_public_user_education_{idx_user_education_auth_uid,idx_user_education_user_id_auth}"
duplicate_index,Duplicate Index,WARN,EXTERNAL,"[""PERFORMANCE""]",Detects cases where two ore more identical indexes exist.,"Table \`public.user_experiences\` has identical indexes {idx_user_experiences_auth_uid,idx_user_experiences_user_id_auth}. Drop all except one of them",https://supabase.com/docs/guides/database/database-linter?lint=0009_duplicate_index,"{""name"":""user_experiences"",""type"":""table"",""schema"":""public"",""indexes"":[""idx_user_experiences_auth_uid"",""idx_user_experiences_user_id_auth""]}","duplicate_index_public_user_experiences_{idx_user_experiences_auth_uid,idx_user_experiences_user_id_auth}"
duplicate_index,Duplicate Index,WARN,EXTERNAL,"[""PERFORMANCE""]",Detects cases where two ore more identical indexes exist.,"Table \`public.user_projects\` has identical indexes {idx_user_projects_auth_uid,idx_user_projects_user_id_auth}. Drop all except one of them",https://supabase.com/docs/guides/database/database-linter?lint=0009_duplicate_index,"{""name"":""user_projects"",""type"":""table"",""schema"":""public"",""indexes"":[""idx_user_projects_auth_uid"",""idx_user_projects_user_id_auth""]}","duplicate_index_public_user_projects_{idx_user_projects_auth_uid,idx_user_projects_user_id_auth}"
duplicate_index,Duplicate Index,WARN,EXTERNAL,"[""PERFORMANCE""]",Detects cases where two ore more identical indexes exist.,"Table \`public.user_skills\` has identical indexes {idx_user_skills_auth_uid,idx_user_skills_user_id_auth}. Drop all except one of them",https://supabase.com/docs/guides/database/database-linter?lint=0009_duplicate_index,"{""name"":""user_skills"",""type"":""table"",""schema"":""public"",""indexes"":[""idx_user_skills_auth_uid"",""idx_user_skills_user_id_auth""]}","duplicate_index_public_user_skills_{idx_user_skills_auth_uid,idx_user_skills_user_id_auth}"
duplicate_index,Duplicate Index,WARN,EXTERNAL,"[""PERFORMANCE""]",Detects cases where two ore more identical indexes exist.,"Table \`public.xp_ledger\` has identical indexes {idx_xp_ledger_user_id,idx_xp_ledger_user_id_auth}. Drop all except one of them",https://supabase.com/docs/guides/database/database-linter?lint=0009_duplicate_index,"{""name"":""xp_ledger"",""type"":""table"",""schema"":""public"",""indexes"":[""idx_xp_ledger_user_id"",""idx_xp_ledger_user_id_auth""]}","duplicate_index_public_xp_ledger_{idx_xp_ledger_user_id,idx_xp_ledger_user_id_auth}"